Parcels_ID,BookingID,supplierID,Material Shipped,Status,OriginLocation_Code,DestinationLocation_Code,Driver_Name,vehicle_no,RouteID,Weight,Failure_Reason
1001,MVCV0000927/082021,VIJEXHOSR7,BRACKET / GRAB HANDLE,Delay,CHEPUZTVSHUA1,HOSHOSALLCCA2,NA,KA590408,1,,
1002,VCV00014271/082021,VJLEXSHE09,ZB MODEL PLATE / 3143,Early,CHEORADMRCCB1,CHEMATDMROPA7,RAMESH,TN30BC5917,2,,
1003,VCV00014382/082021,GSTEXLAK1Q,LETTERING / FUSO,Early,CHEPONLUTCCA4,CHEPONLUTCCA4,GIRI,TN22AR2748,3,,
1004,VCV00014743/082021,ARVEXNAM09,LU STRUT RA / RADIUS ROD,Early,CHEORADMRCCB1,CHEMATDMROPA7,RAVI,TN28AQ0781,4,,
1005,VCV00014744/082021,SRTEXKOR96,WISHBONE / V ROD/HDT,Early,CHENETLUTCCA1,CHENETLUTCCA1,TAMIL,TN68F1722,5,,
1006,VCV00014749/082021,ESWEXNAM02,MOUNTING BRACKET / FUEL TANK,Early,CHEORADMRCCB1,CHEMATDMROPA7,GANESH,TN88A4980,6,,
1007,VCV00014750/082021,ESWEXNAM02,MOUNTING BRACKET / FUEL TANK,Early,CHEORADMRCCB1,CHEMATDMROPA7,SAKTHIVEL.M,TN88C8204,7,,
1008,VCV00014812/082021,NSAEXNAMDZ,MOUNTING BRACKET / FUEL TANK,Early,CHEORADMRCCB1,CHEMTADMROPA1,SUDHAKAR,TN88D4133,8,,
1009,MVCV0001769/082021,VRLEXENN11,MOUNTING BRACKET / FUEL TANK,Early,CHEENNALLCCA1,HOSHOSALLCCA3,NA,TN23AM4662,9,,
1010,VCV00014665/082021,VJLEXSHE09,MOUNTING BRACKET / FUEL TANK,Early,CHEORADMRCCB1,CHEMATDMROPA7,SENTHIL KUMAR,TN30BC5982,10,,
1011,VCV00014745/082021,NSAEXNAMDZ,MOUNTING BRACKET / FUEL TANK,Early,CHEORADMRCCB1,CHEMATDMROPA7,KUMARAN,TN88D3900,11,,
1012,VCV00014866/082021,VIJEXHOSR7,MOUNTING BRACKET / FUEL TANK,Early,HOSHOSALLCCA3,CHEPUZTVSHUA1,RAGU,KA51C6972,12,,
1013,VCV00014879/082021,KRCEXSIN81,ZB MOUNTING BRACKET FUEL-TANK / MDT,Early,CHEORADMRCCB1,CHEMATDMROPA7,RAMACHANDRAN,TN11M3423,13,,
1014,VCV00014872/082021,SUSEXMADL5,ZB CONSOLE / D SHAPE FUEL TANK,Early,CHEORADMRCCB1,CHEMATDMROPA7,PATTABI,TN12C9762,14,,
1015,VCV00014554/082021,ARVEXNAM09,ZB MOUNTING BRACKET FUEL-TANK / MDT,Early,CHEORADMRCCB1,CHEMATDMROPA7,SENTHIL KUMAR,TN889013,15,,
1016,VCV00014571/082021,SRTEXKOR96,ZB CONSOLE / D SHAPE FUEL TANK,Early,CHEPADLUTCCA1,CHENETLUTCCA1,KESAVEN,TN73AB7106,16,,
1017,VCV00014582/082021,VJLEXSHE09,ZB MOUNTING BRACKET FUEL-TANK / MDT,Early,CHEORADMRCCB1,CHEMATDMROPA7,DHASHNAMOORTHY,TN30BC9252,17,,
1018,VCV00014600/082021,SRTEXKOR96,EMPTY BIN,Early,CHENETLUTCCA1,CHENETLUTCCA1,DASS,TN32AL1851,18,,
1019,VCV00014753/082021,SUSEXMADL5,WASHER WHEEL BRG LOC,Early,CHEORADMRCCB1,CHEMATDMROPA7,YUVARAJ,TN12AC0599,19,,
1020,VCV00014902/082021,ESWEXNAM02,SYNCHRONIZER BODY / 4TH 5TH AND 6TH GEAR,Early,CHEORADMRCCB1,CHEMATDMROPA7,SIVA,TN887661,20,,
1021,VCV00015028/082021,SUSEXMADL5,SYNCHRONIZER BODY,Early,CHEORADMRCCB1,CHEMTADMROPA1,SURESH,TN85B1588,21,,
1022,VCV00014886/082021,VRLEXENN11,INNER SYNCHRONIZER RING,Early,HOSHOSALLCCA3,CHEENNALLCCA1,RAGU,TN23AZ8289,22,,
1023,VCV00014888/082021,AMAEXSUN42,CONSTANT VELOCITY UNIT,Early,CHEMMNTFECCC3,CHEMMATFEOPA1,RAJA,TN18s3838,23,,
1024,VCV00014914/082021,VJLEXSHE09,INNER SYNCHRONIZER RING / 2. GANG,Early,CHEORADMRCCB1,CHEMATDMROPA7,RAVI,TN30BJ0957,24,,
1025,VCV00014931/082021,ARVEXNAM09,SLIDING SLEEVE / 5./6.GANG,Early,CHEORADMRCCB1,CHEMATDMROPA7,RAMKUMAR,TN28AQ0975,25,,
1026,VCV00014983/082021,NSAEXNAMDZ,VALVE SPRING CAP UPR / RETAINER,Early,CHEORADMRCCB1,CHEMTADMROPA1,SUDHAKAR,TN88D4134,26,,
1027,VCV00014984/082021,VJLEXSHE09,LU WIPER MOTOR,Early,CHEORADMRCCB1,CHEMATDMROPA7,ANBU,TN30BB1036,27,,
1028,VCV00014991/082021,VJLEXSHE09,EMPTY BIN,Early,CHEORADMRCCB1,CHEMATDMROPA7,SENTHIL KUMAR,TN30BC9320,28,,
1029,VCV00012634/082021,SRTEXKOR96,LU CLUTCH PLATE / D395/F510 LINING GRADE,Early,CHENETLUTCCA1,CHENETLUTCCA1,KODI,TN02AP2662,29,,
1030,VCV00012746/082021,SRREXCHE01,LU CLUTCH PRESSURE PLATE / D395,Early,CHEORADMRCCB1,CHEOARDMROPA1,KARTHI P,TN11AB2839,30,,
1031,VCV00012911/082021,SRTEXKOR96,SPLIT PIN-STAL/812/STAG,Early,CHEPONLUTCCA4,CHEPONLUTCCA4,KODISHWARAN,PY01BT7752,31,,
1032,VCV00012946/082021,ARVEXNAM09,PLATE WASHER (GUN CLIP)-STALL,Early,CHEORADMRCCB1,CHEMATDMROPA7,SATHIK BASHA,TN88D2104,32,,
1033,MVCV0001572/082021,AVTEXMATB9,BUSH,Early,CHEENNALLCCA1,HOSHOSALLCCA2,NA,KA27A4080,33,,
1034,VCV00013052/082021,RAGEXKAN82,SET SCREW,Early,CHEORADMRCCB1,CHEMATDMROPA7,MANIKANDAN,TN19AL2181,34,,
1035,VCV00013197/082021,ARVEXNAM09,WASHER,Early,CHEORADMRCCB1,CHEMATDMROPA7,GOPI,TN88A6674,35,,
1036,MVCV0001605/082021,VRLEXENN11,BOLT-STALL.,Early,CHEENNALLCCA1,HOSHOSALLCCA3,NA,TN47AZ4165,36,,
1037,MVCV0001598/082021,SMAEXANNA4,BOLT M14X45,Early,CHEPADLUTCCA1,CHENETLUTCCA1,NA,TN32AR7548,37,,
1038,VCV00013648/082021,VJLEXSHE09,PLAIN NUT M12X1.5,Early,CHEORADMRCCB1,CHEMATDMROPA7,SENTHIL KUMAR,TN30BC5982,38,,
1039,VCV00013650/082021,ESWEXNAM02,PL WASHER M12,Early,CHEORADMRCCB1,CHEOARDMROPA1,SIVANESAN M,TN88D8267,39,,
1040,VCV00013716/082021,ARVEXNAM09,SEALING RING ( C1110 ),Early,CHEORADMRCCB1,CHEMTADMROPA1,NAGARAJAN,TN88A8569,40,,
1041,VCV00013890/082021,VRLEXENN11,Front brake Cable,Early,CHEENNALLCCA1,HOSHOSALLCCA3,MURUGAN,TN23L2017,41,,
1042,VCV00013840/082021,SRTEXKOR96,Front brake Cable,Early,CHEPONLUTCCA4,CHEPONLUTCCA4,PAUL RAJ,TN13M3641,42,,
1043,VCV00013803/082021,ESWEXNAM02,CABLE ASSY CLUTCH PHOENIX,Early,CHEORADMRCCB1,CHEOARDMROPA1,MANI,TN88D1544,43,,
1044,VCV00013914/082021,ARVEXNAM09,CABLE SEAT LOCK JIVE,Early,CHEORADMRCCB1,CHEMATDMROPA7,CHAKRAVARTHI,TN88A0823,44,,
1045,MVCV0001683/082021,VIJEXHOSR7,CABLE ASSY BRAKE,Early,CHEPUZTVSHUA1,HOSHOSALLCCA2,NA,TN70T5805,45,,
1046,VCV00014179/082021,VJLEXSHE09,SAI VALVE SUB ASSY,Early,CHEORADMRCCB1,CHEMATDMROPA7,SURESH,TN30BK2605,46,,
1047,VCV00014639/082021,SRTEXKOR96,AUTO PARTS,Early,CHEPADLUTCCA1,CHENETLUTCCA1,PARTHIBAN,TN02AS5679,47,,
1048,VCV00014742/082021,MRTEXTIN02,AUTO PARTS,Early,CHENETLUTCCA1,CHENETLUTCCA1,MATHAN,TN04AE6148,48,,
1049,VCV00014116/082021,VJLEXSHE09,ENGINE,Early,CHEORADMRCCB1,CHEMATDMROPA7,MURUGAN,TN30BD0285,49,,
1050,VCV00014136/082021,NCREXMUGZ9,RECTIFIER REVERSE,Early,CHEPUZTVSHUA1,HOSHOSALLCCA2,rav,TN73F4927,50,,
1051,VCV00014160/082021,ARVEXNAM09,Bike,Early,CHEORADMRCCB1,CHEMATDMROPA7,RAVI,TN88A6656,51,,
1052,VCV00014729/082021,SRTEXKOR96,FUEL LINE / RETURN LINE,Early,CHEPONLUTCCA4,CHEPADLUTCCA1,KEASAVAN,TN25M8075,52,,
1053,MVCV0001782/082021,VRLEXENN11,FUEL LINE / FUEL FEED LINE,Early,CHEENNALLCCA1,HOSHOSALLCCA2,NA,KA591781,53,,
1054,MVCV0001783/082021,AVTEXMATB9,LETTERING / BHARATBENZ,Early,CHEENNALLCCA1,HOSHOSALLCCA2,NA,KA432901,54,,
1055,VCV00014847/082021,ARCEXSHO13,ZB MODEL PLATE / 1617R,Early,CHEORADMRCCB1,CHEMATDMROPA7,PUSHBANATHAN,TN73AC6411,55,,
1056,AEIBK2027618,67737,ZB MODEL PLATE / 3143,Early,HOSMADTVSHUA1,CHEENNALLCCA1,ESAKKIMUTHU S,KA51AF7596,56,,
1057,AEIBK2027593,67985,ZB MODEL PLATE / 5528,Early,CHEMADSCTCCA2,HOSMYSTMCCCA1,Mohd Riaz,TN60D8749,57,,
1058,AEIBK2027507,67789,WISHBONE / V ROD/HDT,Early,COIPERTVSHUA3,HOSHOSALLCCA2,MAHENDRAN C,TN57AS7483,58,,
1059,AEIBK2027326,68007,ZB MOUNTING BRACKET FUEL-TANK / MDT,Early,CHEMADSCTCCA2,HOSMYSTMCCCA1,KANNAN N,TN28AP6935,59,,
1060,AEIBK2027412,68042,LUCAR PLADE,Early,CHEMADSCTCCA2,HOSMYSTMCCCA1,SELVAM T,TN15M6052,60,,
1061,AEIBK2027834,67737,"GASKET, CONNECTION",Early,HOSMADTVSHUA1,CHEPADLUTCCA1,JANARTHANAM ,TN70AD0093,61,,
1062,AEIBK2027847,68007,"COVER,VALVE",Early,CHEMADSCTCCA2,HOSMYSTMCCCA1,Neethirajan M,TN40X6070,62,,
1063,AEIBK2027817,67985,TCI UNIT EXP,Delay,CHEMADSCTCCA2,HOSMYSTMCCCA1,Prabhu,TN590117,63,,
1064,AEIBK2027702,67731,EMPTY BIN,Delay,CHEMADSCTCCA2,HOSMYSTMCCCA1,ADRISH,HR55N0386,64,,
1065,AEIBK2027512,67974,VALVE SPRING CAP UPR / RETAINER,Early,COIPERTVSHUA3,CHEENNALLCCA1,PALANI R,TN97A1924,65,,
1066,AEIBK2027091,67985,EMPTY BIN,Delay,CHEMADSCTCCA2,HOSMYSTMCCCA1,AARIF,TN59CE2657,66,,
1067,AEIBK2027033,73368,SET SCREW,Delay,CHEMADSCTCCA2,HOSMYSTMCCCA1,RAMESH,TN58AQ5862,67,,
1068,VCV00014153/082021,VJLEXSHE09,VALVE SPRING,Early,CHEORADMRCCB1,CHEMATDMROPA7,SENTHIL KUMAR,TN30BC9320,68,,
1069,VCV00014063/082021,VJLEXSHE09,VALVE SPRING,Early,CHEORADMRCCB1,CHEMATDMROPA7,ANBU,TN30BB1036,69,,
1070,VCV00014741/082021,NSAEXNAMDZ,LU HOOD LOCK / RH,Early,CHEORADMRCCB1,CHEMTADMROPA1,SUDHAKAR,TN88D4134,70,,
1071,AEIBK2027346,67789,PLANETARY AXLE,Early,COIPERTVSHUA3,HOSHOSALLCCA2,BHARATHIDASAN,TN24R6979,71,,
1072,VCV00014113/082021,ARVEXNAM09,SPRING SHACKLE / PIN,Early,CHEORADMRCCB1,CHEMATDMROPA7,RAMKUMAR,TN28AQ0975,72,,
1073,VCV00013971/082021,ESWEXNAM02,CONNECTING PIN / SWIVELLING LEVER,Early,CHEORADMRCCB1,CHEMATDMROPA7,SIVA,TN887661,73,,
1074,MVCV0001571/082021,AVTEXMADNJ,STEUERGERAET MOTORMANAGEMENT / MDT BS6,Early,CHEENNALLCCA1,HOSHOSALLCCA3,NA,TN21R2077,74,,
1075,VCV00013034/082021,VRLEXENN11,LU HIGH-PRESSURE TRANSFER PUMP FOR COMMO,Early,CHEENNALLCCA1,HOSHOSALLCCA3,BOOPALAN,TN23AZ8289,75,,
1076,MVCV0001604/082021,VRLEXENN11,RECTANGULAR RING,Early,CHEENNALLCCA1,HOSHOSALLCCA3,NA,TN41AH2583,76,,
1077,VCV00013841/082021,SUSEXMADL5,LU END-OUTLINE MARKER LAMP / LED,Early,CHEORADMRCCB1,CHEMATDMROPA7,PATTABI,TN12C9762,77,,
1078,VCV00014096/082021,ARCEXSHO13,7MM HOLE-PLATE,Early,CHEORADMRCCB1,CHEMATDMROPA7,PUSHBANATHAN,TN73AC6411,78,,
1079,VCV00013818/082021,AMAEXSUN42,SPL WASHER ( C1110 ),Early,CHEMMNTFECCC3,CHEMMATFEOPA1,RAJA,TN18s3838,79,,
1080,VCV00013819/082021,AMAEXSUN42,RUBBER BUFFER,Early,CHEMMNTFECCC3,CHEMMATFEOPA1,RAJA,TN18m5881,80,,
1081,VCV00014017/082021,SUSEXMADL5,WASHER-3MM-CAB MTG-2214,Early,CHEORADMRCCB1,CHEMTADMROPA1,SURESH,TN85B1588,81,,
1082,VCV00014735/082021,NSAEXNAMDZ,"PLAIN NUT,M8X1.25",Early,CHEORADMRCCB1,CHEMTADMROPA1,SUDHAKAR,TN88D4133,82,,
1083,VCV00014755/082021,SRTEXKOR96,M16 NYLOC NUT,Early,CHENETLUTCCA1,CHEPADLUTCCA1,JEYABAL,TN13Q4639,83,,
1084,VCV00014647/082021,SRTEXKOR96,"SPRING WASHER,M6",Early,CHEPADLUTCCA1,CHENETLUTCCA1,KESAVEN,TN18AB5514,84,,
1085,VCV00013531/082021,SUSEXMADL5,WASHER,Early,CHEORADMRCCB1,CHEMATDMROPA7,YUVARAJ,TN12AC0599,85,,
1086,VCV00012819/082021,ESWEXNAM02,AUTO PARTS,Early,CHEORADMRCCB1,CHEMATDMROPA7,SAKTHIVEL.M,TN88C8204,86,,
1087,VCV00013919/082021,ESWEXNAM02,Empty trays,Early,CHEORADMRCCB1,CHEMATDMROPA7,GANESH,TN88A4980,87,,
1088,VCV00014549/082021,NSAEXNAMDZ,solenoid fixing screw,Early,CHEORADMRCCB1,CHEMATDMROPA7,KUMARAN,TN88D3900,88,,
1089,VCV00013912/082021,ARVEXNAM09,MOTOR ASSEMBLY - 26071474,Early,CHEORADMRCCB1,CHEMATDMROPA7,RAVI,TN28AQ0781,89,,
1090,VCV00014739/082021,NSAEXNAMDZ,SWITCH ASSY 7M14,Early,CHEORADMRCCB1,CHEMTADMROPA1,SUDHAKAR,TN88D4134,90,,
1091,VCV00013896/082021,NSAEXNAMDZ,SOLENOID ASSY-SM76 BARE,Early,CHEORADMRCCB1,CHEMTADMROPA1,SUDHAKAR,TN88D4133,91,,
1092,VCV00014144/082021,NSAEXNAMDZ,F4D01700,Early,CHEORADMRCCB1,CHEMATDMROPA7,KUMARAN,TN88D3900,92,,
1093,VCV00013407/082021,ARVEXNAM09,CL OPTG LEVER,Early,CHEORADMRCCB1,CHEMATDMROPA7,SENTHIL KUMAR,TN889013,93,,
1094,VCV00014242/082021,SRTEXKOR96,MOULDER HOSE KIT,Early,CHEPONLUTCCA4,CHEPADLUTCCA1,KUMAR,TN02AS5679,94,,
1095,VCV00014085/082021,SRTEXKOR96,SYNCHRONIZER BODY,Early,CHENETLUTCCA1,CHEPADLUTCCA1,KESAVAN,TN18AB5514,95,,
1096,VCV00014110/082021,SRTEXKOR96,SLIDING SLEEVE,Early,CHENETLUTCCA1,CHENETLUTCCA1,DASS,TN32AL1851,96,,
1097,MVCV0001593/082021,AVTEXMATB9,CONSTANT VELOCITY UNIT / 3./4.GANG,Early,HOSSIPPVECCA8,CHEVICSDPCCA1,NA,KA432901,97,,
1098,VCV00014268/082021,SPTEXROY12,AUTO PARTS,Early,HOSHOSALLCCA3,HOSHOSALLCCA3,LOKESH,TN70J0495,98,,
1099,VCV00014250/082021,SPTEXROY12,EMPTY BIN,Early,HOSHOSALLCCA3,HOSHOSALLCCA3,KAMAL,TN28AL5055,99,,
1100,VCV00014252/082021,SPTEXROY12,EMPTY BIN,Early,HOSHOSALLCCA3,HOSHOSALLCCA3,BALU,TN52Y0785,100,,
1101,VCV00013502/082021,SUSEXMADL5,EMPTY BIN,Early,CHEORADMRCCB1,CHEMATDMROPA7,N.ELUMALAI,TN12AB9253,101,,
1102,VCV00013903/082021,VJLEXSHE09,EMPTY BIN,Early,CHEORADMRCCB1,CHEMATDMROPA7,RAMESH,TN30BC5917,102,,
1103,VCV00013399/082021,PACEXCUD02,INNER SYNCHRONIZER RING,Early,CHEENNALLCCA1,HOSHOSALLCCA3,MATHI,TN48E1822,103,,
1104,VCV00012744/082021,VJLEXSHE09,PLAIN WASHER M8,Early,CHEORADMRCCB1,CHEMATDMROPA7,SURESH,TN30BK2605,104,,
1105,VCV00014106/082021,ARVEXNAM09,CABLE SPEEDO ASSY WEGO (NEW) L 970 MM,Early,CHEORADMRCCB1,CHEMATDMROPA7,RAMKUMAR,TN28AQ0975,105,,
1106,VCV00013467/082021,VIJEXHOSR7,CABLE ASSY BRAKE REAR,Early,HOSHOSALLCCA3,CHEPUZTVSHUA1,RAJA,TN70T5805,106,,
1107,VCV00013476/082021,VJLEXSHE09,HORN,Early,CHEORADMRCCB1,CHEMATDMROPA7,MURUGAN,TN30BD0285,107,,
1108,VCV00013581/082021,ARVEXNAM09,AUTO PARTS,Early,CHEORADMRCCB1,CHEMATDMROPA7,RAMKUMAR,TN28AQ0975,108,,
1109,VCV00013844/082021,VIJEXHOSR7,LU CLUTCH PLATE / D 430  WITH HIGHER WEA,Early,HOSHOSALLCCA2,CHEPUZTVSHUA1,SASI,KA409852,109,,
1110,VCV00012298/082021,SUSEXMADL5,ELECTRONIC FLASHER UNIT,Early,CHEORADMRCCB1,CHEMATDMROPA7,S. VELU,TN85B2685,110,,
1111,VCV00012048/082021,NCREXMUGZ9,TCI UNIT PETROL,Early,HOSHOSALLCCA3,CHEPUZTVSHUA1,RAMESH,TN73F4927,111,,
1112,VCV00005971/082021,NCREXMUGZ9,PRESSURE SPRING,Delay,HOSSIPPVECCA8,CHEVICSDPCCA1,KUMAR,TN24AJ3359,112,,
1113,VCV00014052/082021,SRTEXKOR96,LU CLUTCH PRESSURE PLATE / 330 DIA,Early,CHEPADLUTCCA1,CHENETLUTCCA1,KESAVEN,TN18AB5514,113,,
1114,VCV00013612/082021,SRTEXKOR96,LU HOOD LOCK / LH,Early,CHEPADLUTCCA1,CHENETLUTCCA1,KESAVEN,TN25M8075,114,,
1115,VCV00013657/082021,SRTEXKOR96,ZB BRACKET / DAT/1617R,Early,CHEPADLUTCCA1,CHENETLUTCCA1,PARTHIBAN,TN02AS5679,115,,
1116,AEIBK2027198,67859,ZB RADIATOR / OUTLET/BSVI / PIPE ASSY/ 1,Early,600066,HOSHOSALLCCA3,SELVAM M,TN73F4927,116,,
1117,VCV00013880/082021,NSAEXNAMDZ,BEARING BUSH,Early,CHEORADMRCCB1,CHEMTADMROPA1,SUDHAKAR,TN88D4134,117,,
1118,MVCV0001590/082021,SDTEXMUGBJ,CENTERING BOLT / LEVEL PINS WITH FLAT PO,Early,HOSSIPPVECCA8,CHEVICSDPCCA1,NA,TN11Z7473,118,,
1119,VCV00013790/082021,SRTEXKOR96,ZB EXHAUST VALVE,Early,CHENETLUTCCA1,CHENETLUTCCA1,DASS,TN32AL1851,119,,
1120,VCV00013537/082021,ESWEXNAM02,POSITION SENSOR TDC,Early,CHEORADMRCCB1,CHEMATDMROPA7,SIVA,TN887661,120,,
1121,AEIBK2027566,67796,KEYSTONE RING,Early,CHEMADSCTCCA2,HOSMYSTMCCCA1,HARIRAM D,TN64H2799,121,,
1122,VCV00013217/082021,RAGEXKAN82,AUTO PARTS,Early,CHEORADMRCCB1,CHEMATDMROPA7,KUMERASAN,TN19AM0312,122,,
1123,AEIBK2026827,67985,"4""O CLAMP",Delay,CHEMADSCTCCA2,HOSMYSTMCCCA1,HARIRAM D,TN60D8749,123,,
1124,AEIBK2027445,67859,PLAIN NUT M10X1.5,Early,HOSMADTVSHUA1,CHEENNALLCCA1,PANDIYAN S,TN11Z7473,124,,
1125,VCV00013789/082021,VJLEXSHE09,PLAIN NUT M10X1.25,Early,CHEORADMRCCB1,CHEMATDMROPA7,ANBU,TN30BB1036,125,,
1126,VCV00013909/082021,SPTEXROY12,EMPTY TRAYS,Early,HOSHOSALLCCA3,HOSHOSALLCCA3,RAVI,TN283256,126,,
1127,VCV00013913/082021,SPTEXROY12,SWITCH ASSY WTIH RELAY-9M14,Early,HOSHOSALLCCA3,HOSHOSALLCCA3,RAVI,KA22B0825,127,,
1128,VCV00013935/082021,SPTEXROY12,SOL. RELAY WITH CABLE ASSY,Early,HOSHOSALLCCA3,HOSHOSALLCCA3,RAVI,TN70J0495,128,,
1129,AEIBK2027508,67974,SWITCH ASSY,Early,COIPERTVSHUA3,HOSHOSALLCCA3,MURUGESAN N,TN93A9105,129,,
1130,VCV00013891/082021,NSAEXNAMDZ,WIPER 5SW60 MOTOR FOR RHD,Early,CHEORADMRCCB1,CHEMTADMROPA1,SUDHAKAR,TN88D4133,130,,
1131,MVCV0000707/082021,VRLEXENN11,SIA114 12V 55A IF-ALTERNATOR,Delay,CHEENNALLCCA1,HOSHOSALLCCA3,NA,TN23AM4662,131,,
1132,VCV00013584/082021,ARVEXNAM09,SIA114 12V 55A IF-ALTERNATOR,Early,CHEORADMRCCB1,CHEMATDMROPA7,RAVI,TN28AQ0781,132,,
1133,VCV00013540/082021,NSAEXNAMDZ,AUTO PARTS,Early,CHEORADMRCCB1,CHEMATDMROPA7,KUMARAN,TN88D3900,133,,
1134,VCV00013885/082021,SPTEXROY12,AUTO PARTS,Early,HOSHOSALLCCA3,HOSHOSALLCCA3,MANI,TN52Y0785,134,,
1135,VCV00013878/082021,SPTEXROY12,AUTO PARTS,Early,HOSHOSALLCCA3,HOSHOSALLCCA3,JAI,TN38BM5947,135,,
1136,VCV00012994/082021,ESWEXNAM02,AUTO PARTS,Early,CHEORADMRCCB1,CHEMATDMROPA7,GANESH,TN88A4980,136,,
1137,VCV00013205/082021,VJLEXSHE09,AUTO PARTS,Early,CHEORADMRCCB1,CHEMATDMROPA7,SENTHIL KUMAR,TN30BC9320,137,,
1138,VCV00013867/082021,SPTEXROY12,AUTO PARTS,Early,HOSHOSALLCCA3,HOSHOSALLCCA3,JAI,TN38BM5947,138,,
1139,VCV00013872/082021,SPTEXROY12,AUTO PARTS,Early,HOSHOSALLCCA3,HOSHOSALLCCA3,JAI,TN60F9702,139,,
1140,VCV00013873/082021,SPTEXROY12,SOL. RELAY WITH CABLE ASSY,Early,HOSHOSALLCCA3,HOSHOSALLCCA3,JAI,TN60F8519,140,,
1141,VCV00013300/082021,VRLEXENN11,SOLENOID SWITCH,Early,CHEENNALLCCA1,HOSHOSALLCCA3,PANDU,TN36F6849,141,,
1142,VCV00013829/082021,ARVEXNAM09,SIA114 ALTERNATOR-12V-40A,Early,HOSMADTVSHUA1,HOSMADTVSHUA1,THIMMARAJ,TN20AL7839,142,,
1143,VCV00013534/082021,SUSEXMADL5,SIA114 12V 55A IF-ALTERNATOR,Early,CHEORADMRCCB1,CHEMATDMROPA7,PATTABI,TN12C9762,143,,
1144,VCV00013659/082021,GSTEXLAK1Q,AUTO PARTS,Early,CHEPONLUTCCA4,CHEPONLUTCCA4,SIVA,TN22AR2748,144,,
1145,VCV00013673/082021,SRTEXKOR96,AUTO PARTS,Early,CHENETLUTCCA1,CHENETLUTCCA1,PALRAJ,TN13M3641,145,,
1146,VCV00012870/082021,AMAEXSUN42,AUTO PARTS,Early,CHEMMNTFECCC3,CHEMMATFEOPA1,RAJA,TN18s3838,146,,
1147,VCV00012871/082021,AMAEXSUN42,AUTO PARTS,Early,CHEMMNTFECCC3,CHEMMATFEOPA1,RAJA,TN18m5881,147,,
1148,VCV00011937/082021,ESWEXNAM02,AUTO PARTS,Early,CHEORADMRCCB1,CHEOARDMROPA1,MANI,TN88D1544,148,,
1149,VCV00013779/082021,SRTEXKOR96,AUTO PARTS,Early,CHEPONLUTCCA4,CHEPADLUTCCA1,VASU,TN73AB7106,149,,
1150,VCV00013490/082021,VJLEXSHE09,AUTO PARTS,Early,CHEORADMRCCB1,CHEMTADMROPA1,KARTHIKEYAN,TN30BF9653,150,,
1151,VCV00013678/082021,SRTEXKOR96,AUTO PARTS,Early,CHEPADLUTCCA1,CHENETLUTCCA1,KESAVEN,TN13Q4639,151,,
1152,VCV00011938/082021,ARVEXNAM09,EMPTY TRAYS,Early,CHEORADMRCCB1,CHEMATDMROPA7,RAVI,TN88A6656,152,,
1153,VCV00013783/082021,SRTEXKOR96,EMPTY TRAYS,Early,CHENETLUTCCA1,CHENETLUTCCA1,TAMIL,TN68F1722,153,,
1154,VCV00013765/082021,SRTEXKOR96,EMPTY TRAY,Early,CHENETLUTCCA1,CHENETLUTCCA1,DASS,TN32AL1851,154,,
1155,VCV00013634/082021,NSAEXNAMDZ,WIPER MOTOR ASSY - MOD ACE,Early,CHEORADMRCCB1,CHEMTADMROPA1,SUDHAKAR,TN88D4134,155,,
1156,VCV00013291/082021,VJLEXSHE09,AUTO PARTS,Early,CHEORADMRCCB1,CHEMATDMROPA7,ANBU,TN30BB1036,156,,
1157,VCV00012556/082021,VJLEXSHE09,AUTO PARTS,Early,CHEORADMRCCB1,CHEMATDMROPA7,VASANTH,TN30BB0534,157,,
1158,VCV00012749/082021,KRCEXSIN81,AUTO PARTS,Early,CHEORADMRCCB1,CHEMATDMROPA7,RAMACHANDRAN,TN11J6678,158,,
1159,VCV00012814/082021,VJLEXSHE09,AUTO PARTS,Early,CHEORADMRCCB1,CHEMATDMROPA7,SENTHIL KUMAR,TN30BC5982,159,,
1160,VCV00011918/082021,GSTEXLAK1Q,AUTO PARTS,Early,CHEPONLUTCCA4,CHEPONLUTCCA4,KUMAR,TN22AR2748,160,,
1161,VCV00011501/082021,ESWEXNAM02,Empty trays,Early,CHEORADMRCCB1,CHEOARDMROPA1,SIVANESAN M,TN88D8267,161,,
1162,VCV00012663/082021,SRTEXKOR96,GRS STARTER,Early,CHEPONLUTCCA4,CHEPADLUTCCA1,ANBU,TN25M8075,162,,
1163,VCV00013464/082021,NSAEXNAMDZ,GRS STARTER,Early,CHEORADMRCCB1,CHEMTADMROPA1,SUDHAKAR,TN88D4133,163,,
1164,VCV00012662/082021,ARVEXNAM09,WIPER MOTOR ASSY - MOD ACE,Early,CHEORADMRCCB1,CHEMTADMROPA1,NAGARAJAN,TN88A8569,164,,
1165,VCV00012833/082021,ARVEXNAM09,WIPER MOTOR ASSY,Early,CHEORADMRCCB1,CHEMATDMROPA7,RAVI,TN28AQ0781,165,,
1166,VCV00012823/082021,ARVEXNAM09,SWITCH ASSY - 39S,Early,CHEORADMRCCB1,CHEMATDMROPA7,RAMKUMAR,TN28AQ0975,166,,
1167,VCV00013315/082021,SRTEXKOR96,SWITCH ASSY (FINAL) -HD10,Early,CHENETLUTCCA1,CHEPADLUTCCA1,KESAVAN,TN18AB5514,167,,
1168,VCV00013137/082021,SUSEXMADL5,IUT PARTS,Early,CHEORADMRCCB1,CHEMTADMROPA1,SURESH,TN85B1588,168,,
1169,VCV00012843/082021,ESWEXNAM02,IUT PARTS,Early,CHEORADMRCCB1,CHEMATDMROPA7,SIVA,TN887661,169,,
1170,VCV00013481/082021,SRTEXKOR96,THERMAL CUTOUT,Early,CHENETLUTCCA1,CHENETLUTCCA1,PALRAJ,TN13M3641,170,,
1171,MVCV0001621/082021,VJLEXSHE09,EMPTY TRAYS,Early,HOSHARTMCCCA1,CHEAMBWABCCA1,NA,TN30BC8362,171,,
1172,VCV00013513/082021,SUSEXMADL5,EMPTY FOAM,Early,CHEORADMRCCB1,CHEMTADMROPA1,BHARATHI,TN85B2693,172,,
1173,VCV00013323/082021,SRTEXKOR96,SOLENOID SWITCH ASSY,Early,CHEPONLUTCCA4,CHEPADLUTCCA1,KUMAR,TN02AS5679,173,,
1174,VCV00013401/082021,SRTEXKOR96,SOLENOID ASSEMBLY,Early,CHENETLUTCCA1,CHEPADLUTCCA1,KESAVAN,TN13Q4639,174,,
1175,VCV00013469/082021,BALEXAMB18,AUTO PARTS,Early,CHEAMBWABCCA1,HOSLALWABWHA2,bala,TN13K3588,175,,
1176,VCV00013471/082021,BALEXAMB18,AUTO PARTS,Early,CHEAMBWABCCA1,HOSLALWABWHA2,bala,TN13K3804,176,,
1177,VCV00013472/082021,BALEXAMB18,AUTO PARTS,Early,CHEAMBWABCCA1,HOSLALWABWHA2,bala,TN20BV6187,177,,
1178,VCV00012054/082021,BRIEXMINK3,STICKER / HDT PRESSURE STICKER,Early,HOSHOSALLCCA3,CHEPUZTVSHUA1,RAMESH,TN70T5805,178,,
1179,AEIBK2027548,67739,ZB ELECTRICAL WIRING HARNESS / LABEL CAB,Early,HOSLALWABWHA2,CHEAMBWABCCA1,Prem Kumar A,TN20BV6187,179,,
1180,VCV00013141/082021,VJLEXSHE09,LABEL / DESIGNATION PLATE/HDT,Early,CHEORADMRCCB1,CHEMATDMROPA7,MURUGAN,TN30BD0285,180,,
,VCV00012894/082021,NSAEXNAMDZ,ZB ELECTRICAL WIRING HARNESS / LABEL FOR,Early,CHEORADMRCCB1,CHEMTADMROPA1,SUDHAKAR,TN88D4133,181,,
,MVCV0001595/082021,VRLEXENN11,COMPRESSED AIR LINE / 9T/PIPE1/5300WB/BS,Early,HOSHOSALLCCA2,CHEENNALLCCA1,NA,TN47AZ4165,182,,
,VCV00013425/082021,KRIEXTHI01,LU HYDRAULIC CYLINDER,Early,CHEPUZTVSHUA1,CHEPUZTVSHUA1,MURUGAN,TN20BS8311,183,,
,VCV00012758/082021,SUSEXMADL5,SPRING TRUNNION,Early,CHEORADMRCCB1,CHEMATDMROPA7,PATTABI,TN12C9762,184,,
,VCV00012830/082021,NSAEXNAMDZ,DOWTEE WASHER M18,Early,CHEORADMRCCB1,CHEMATDMROPA7,KUMARAN,TN88D3900,185,,
,VCV00013123/082021,NSAEXNAMDZ,CARBON BRUSH,Early,CHEORADMRCCB1,CHEMTADMROPA1,SUDHAKAR,TN88D4134,186,,
,VCV00013324/082021,SPTEXROY12,BANJO BOLT M14X1.5X30/X3101115,Early,HOSHOSALLCCA3,HOSHOSALLCCA3,RAGU,KA22B0825,187,,
,VCV00013319/082021,SPTEXROY12,AUTO PARTS,Early,HOSHOSALLCCA3,HOSHOSALLCCA3,MURALI,TN70J0495,188,,
,VCV00012151/082021,VJLEXSHE09,EMPTY TRAYS,Early,CHEORADMRCCB1,CHEMATDMROPA7,RAMESH,TN30BC5917,189,,
,VCV00011976/082021,ARVEXNAM09,EMPTY TRAYS,Early,CHEORADMRCCB1,CHEMATDMROPA7,CHAKRAVARTHI,TN88A0823,190,,
,VCV00012716/082021,SRTEXKOR96,WIPER MOTOR LINK,Early,CHEPADLUTCCA1,CHENETLUTCCA1,KESAVEN,TN73AB7106,191,,
,VCV00013264/082021,VRLEXENN11,AUTO PARTS,Early,HOSHOSALLCCA2,CHEENNALLCCA1,PICHANDI,TN23L2017,192,,
,VCV00012741/082021,SRTEXKOR96,AUTO PARTS,Early,CHEPADLUTCCA1,CHENETLUTCCA1,PARTHIBAN,TN02AS5679,193,,
,VCV00013105/082021,VJLEXSHE09,AUTO PARTS,Early,CHEORADMRCCB1,CHEMATDMROPA7,ANBU,TN30BB1036,194,,
,VCV00012625/082021,RAGEXKAN82,LAMINATION SM5 (PACK),Early,CHEORADMRCCB1,CHEMATDMROPA7,KUMERASAN,TN19AM0312,195,,
,VCV00011708/082021,ARVEXNAM09,AUTO PARTS,Early,CHEORADMRCCB1,CHEMATDMROPA7,GOPI,TN88A6674,196,,
,VCV00013182/082021,SPTEXROY12,AUTO PARTS,Early,HOSHOSALLCCA3,HOSHOSALLCCA3,RAVI,TN60F9702,197,,
,MVCV0001263/082021,VRLEXENN11,SOLENOID ASSEMBLY,Delay,HOSHOSALLCCA2,CHEENNALLCCA1,NA,TN47AZ4165,198,,
,VCV00012880/082021,VRLEXENN11,AUTO PARTS,Early,HOSHOSALLCCA3,CHEENNALLCCA1,RAVI,TN23L2017,199,,
,VCV00013069/082021,VJLEXSHE09,AUTO PARTS,Early,CHEORADMRCCB1,CHEMATDMROPA7,MURUGAN,TN30BD0285,200,,
,VCV00012879/082021,PACEXCUD02,AUTO PARTS,Early,HOSHOSALLCCA3,CHEENNALLCCA1,GUNA,TN48E1822,201,,
,VCV00012322/082021,SUSEXMADL5,AUTO PARTS,Early,CHEORADMRCCB1,CHEMTADMROPA1,SURESH,TN85B1588,202,,
,VCV00012119/082021,NSAEXNAMDZ,ENGINE MOUNTING BRACKET-LH,Early,CHEORADMRCCB1,CHEMATDMROPA7,SANKAR K,TN88D9920,203,,
,MVCV0001535/082021,ARVEXNAM09,DAY QUARTER TRIM LOWER MOUNTI,Early,CHEORADMRCCB1,CHEMTADMROPA1,NA,TN88C8932,204,,
,VCV00012240/082021,VJLEXSHE09,AUTO PARTS,Early,CHEORADMRCCB1,CHEMATDMROPA7,MURUGAN,TN30BD0285,205,,
,VCV00012202/082021,RAGEXKAN82,EMPTY TRAYS,Early,CHEORADMRCCB1,CHEMATDMROPA7,MANIKANDAN,TN19AL2181,206,,
,VCV00012822/082021,VJLEXSHE09,EMPTY FOAM,Early,CHEORADMRCCB1,CHEMATDMROPA7,SENTHIL KUMAR,TN30BC9320,207,,
,VCV00012986/082021,SPTEXROY12,AUTO PARTS,Early,HOSHOSALLCCA3,HOSHOSALLCCA3,THIRU,KA22B0825,208,,
,VCV00012960/082021,SPTEXROY12,AUTO PARTS,Early,HOSHOSALLCCA3,HOSHOSALLCCA3,HARI,TN28AL5055,209,,
,AEIBK2026859,73073,AUTO PARTS,Delay,CHEPUZTVSHUA1,HOSHOSALLCCA2,LOGANATHAN G,TN24X4314,210,,
,MVCV0001573/082021,AVTEXMATB9,AUTO PARTS,Early,CHEENNALLCCA1,HOSHOSALLCCA3,NA,KA432901,211,,
,VCV00012988/082021,SPTEXROY12,Empty trays,Early,HOSHOSALLCCA3,HOSHOSALLCCA3,THIRU,TN52Y0785,212,,
,AEIBK2026666,67789,AUTO PARTS,Delay,COIPERTVSHUA3,HOSHOSALLCCA2,BHARATHIDASAN,TN24R6979,213,,
,AEIBK2027147,67789,AUTO PARTS,Early,COIPERTVSHUA3,HOSHOSALLCCA2,MAHENDRAN C,TN57AS7483,214,,
,VCV00012965/082021,SPTEXROY12,AUTO PARTS,Early,HOSHOSALLCCA3,HOSHOSALLCCA3,HARI,TN60F9702,215,,
,VCV00012966/082021,SPTEXROY12,EMPTY TRAYS,Early,HOSHOSALLCCA3,HOSHOSALLCCA3,HARI,TN60F8519,216,,
,VCV00012979/082021,SPTEXROY12,Empty trays,Early,HOSHOSALLCCA3,HOSHOSALLCCA3,GUNA,TN283256,217,,
,VCV00012962/082021,SPTEXROY12,EMPTY LIDS,Early,HOSHOSALLCCA3,HOSHOSALLCCA3,HARI,TN38BM5947,218,,
,VCV00011598/082021,ESWEXNAM02,Empty trays,Early,CHEORADMRCCB1,CHEMATDMROPA7,GANESH,TN88A4980,219,,
,VCV00011079/082021,ARVEXNAM09,Empty trays,Delay,CHEORADMRCCB1,CHEMATDMROPA7,SATHIK BASHA,TN88D2104,220,,
,VCV00012896/082021,SPTEXROY12,GRS STARTER,Early,HOSHOSALLCCA3,HOSHOSALLCCA3,LOKESH,TN38BM5947,221,,
,VCV00011590/082021,VRLEXENN11,SHAFT,Early,CHEENNALLCCA1,HOSHOSALLCCA3,PICHANDI,TN23L2017,222,,
,VCV00012862/082021,AMAEXSUN42,INDICA DRIVE ASSY,Early,CHEMMNTFECCC3,CHEMMATFEOPA1,RAJA,TN18m5881,223,,
,VCV00011992/082021,AMAEXSUN42,SOLENOID SWITCH,Early,CHEMMNTFECCC3,CHEMMATFEOPA1,RAJA,TN18s3838,224,,
,VCV00011993/082021,AMAEXSUN42,SOLENOID ASSEMBLY,Early,CHEMMNTFECCC3,CHEMMATFEOPA1,RAJA,TN18m5881,225,,
,VCV00012731/082021,ESWEXNAM02,rectifer,Early,CHEORADMRCCB1,CHEMATDMROPA7,SIVA,TN887661,226,,
,VCV00011947/082021,SUSEXMADL5,Empty trays,Early,CHEORADMRCCB1,CHEORADMRCCB1,N.ELUMALAI,TN12AB9253,227,,
,VCV00012831/082021,NSAEXNAMDZ,RETURNABLE,Early,CHEORADMRCCB1,CHEMTADMROPA1,SUDHAKAR,TN88D4134,228,,
,VCV00012383/082021,ARVEXNAM09,DE BRACKET M/C,Early,CHEORADMRCCB1,CHEMATDMROPA7,RAVI,TN28AQ0781,229,,
,VCV00012807/082021,NSAEXNAMDZ,SPINDLE ASSY,Early,CHEORADMRCCB1,CHEMTADMROPA1,SUDHAKAR,TN88D4133,230,,
,VCV00011952/082021,SRTEXKOR96,EMPTY TRAYS,Early,CHENETLUTCCA1,CHENETLUTCCA1,PALRAJ,TN13M3641,231,,
,VCV00012788/082021,NSAEXNAMDZ,GEAR WEEL,Early,CHEORADMRCCB1,CHEMTADMROPA1,SUDHAKAR,TN88D4134,232,,
,VCV00012535/082021,NSAEXNAMDZ,AUTO PARTS,Early,CHEORADMRCCB1,CHEMATDMROPA7,KUMARAN,TN88D3900,233,,
,VCV00012735/082021,SRTEXKOR96,AUTO PARTS,Early,CHEPADLUTCCA1,CHENETLUTCCA1,KESAVEN,TN18AB5514,234,,
,VCV00012771/082021,VJLEXSHE09,AUTO PARTS,Early,CHEORADMRCCB1,CHEMATDMROPA7,ANBU,TN30BB1036,235,,
,VCV00012401/082021,ARVEXNAM09,AUTO PARTS,Early,CHEORADMRCCB1,CHEMATDMROPA7,RAMKUMAR,TN28AQ0975,236,,
,VCV00012040/082021,VJLEXSHE09,AUTO PARTS,Early,CHEORADMRCCB1,CHEMATDMROPA7,SENTHIL KUMAR,TN30BC9320,237,,
,VCV00011231/082021,ESWEXNAM02,SEALING LH,Early,CHEORADMRCCB1,CHEMATDMROPA7,SAKTHIVEL.M,TN88C8204,238,,
,VCV00011946/082021,VJLEXSHE09,COOLANT PIPE / ATS/COOLANT OUT,Early,CHEORADMRCCB1,CHEMATDMROPA7,SENTHIL KUMAR,TN30BC5982,239,,
,AEIBK2026835,68007,ZB LOCK LH,Delay,CHEMADSCTCCA2,HOSMYSTMCCCA1,KANNAN N,TN28AP6935,240,,
,MVCV0001533/082021,ARVEXNAM09,LU MARKER LAMP / HDT/POST RUN INDICATOR,Early,CHEORADMRCCB1,CHEMTADMROPA1,NA,TN88C8932,241,,
,VCV00011949/082021,ESWEXNAM02,AUTO PARTS,Early,CHEORADMRCCB1,CHEMATDMROPA7,SIVA,TN887661,242,,
,VCV00011706/082021,KRCEXSIN81,BOLT-M14X1.5- 50LONG FCT-STALL,Early,CHEORADMRCCB1,CHEMATDMROPA7,RAMACHANDRAN,TN11J6678,243,,
,VCV00011961/082021,SUSEXMADL5,GUN CLIP(RIFLE) - STALL.,Early,CHEORADMRCCB1,CHEMATDMROPA7,PATTABI,TN12C9762,244,,
,VCV00012061/082021,ESWEXNAM02,Empty trays,Early,CHEORADMRCCB1,CHEMTADMROPA1,SUDHAKAR,TN88C8632,245,,
,VCV00012523/082021,SRTEXKOR96,Empty CB,Early,CHEPONLUTCCA4,CHEPADLUTCCA1,KUMAR,TN02AS5679,246,,
,VCV00012197/082021,NSAEXNAMDZ,Empty trays,Early,CHEORADMRCCB1,CHEMTADMROPA1,SUDHAKAR,TN88D4134,247,,
,VCV00011608/082021,ARVEXNAM09,CARBON BRUSH,Early,CHEORADMRCCB1,CHEMTADMROPA1,NAGARAJAN,TN88A8569,248,,
,VCV00012389/082021,NSAEXNAMDZ,EMPTY TRAYS,Early,CHEORADMRCCB1,CHEMTADMROPA1,SUDHAKAR,TN88D4133,249,,
,AEIBK2026897,73073,Empty trays,Early,CHEPUZTVSHUA1,HOSHOSALLCCA2,MURUGAN,KA51C6972,250,,
,VCV00011331/082021,SRTEXKOR96,AUTO PARTS,Early,CHENETLUTCCA1,CHENETLUTCCA1,KODI,TN02AP2662,251,,
,VCV00012216/082021,RAGEXKAN82,WASHER,Early,CHEORADMRCCB1,CHEMATDMROPA7,KUMERASAN,TN19AM0312,252,,
,AEIBK2026778,73073,THERMAL CUTOUT,Delay,CHEPUZTVSHUA1,HOSHOSALLCCA3,ARIVALAGAN P,KA590408,253,,
,AEIBK2026277,73073,EMPTY TRAYS,Delay,CHEPUZTVSHUA1,HOSHOSALLCCA3,MURUGAN,KA51C6972,254,,
,VCV00012057/082021,VRLEXENN11,AUTO PARTS,Early,HOSHOSALLCCA3,CHEENNALLCCA1,KUMAR,TN23AZ8289,255,,
,VCV00011656/082021,VJLEXSHE09,AUTO PARTS,Early,CHEORADMRCCB1,CHEMATDMROPA7,VASANTH,TN30BB0534,256,,
,MVCV0001108/082021,AVTEXMATB9,AUTO PARTS,Delay,HOSSIPPVECCA8,CHEVICSDPCCA1,NA,TN24P7916,257,,
,VCV00011943/082021,NSAEXNAMDZ,IUT PART,Early,CHEORADMRCCB1,CHEMATDMROPA7,KUMARAN,TN88D3900,258,,
,VCV00011469/082021,VJLEXSHE09,SWITCH ASSY.2M14 PTL,Early,CHEORADMRCCB1,CHEMATDMROPA7,ANBU,TN30BB1036,259,,
,VCV00012358/082021,SPTEXROY12,AUTO PARTS,Early,HOSHOSALLCCA3,HOSHOSALLCCA3,KAMAL,TN60F9702,260,,
,VCV00012359/082021,SPTEXROY12,STATOR WINDING FINAL ASSY.,Early,HOSHOSALLCCA3,HOSHOSALLCCA3,KAMAL,TN60F8519,261,,
,VCV00012370/082021,SPTEXROY12,REGULATOR CUM BRU.BOX& REC.ASS,Early,HOSHOSALLCCA3,HOSHOSALLCCA3,KAMAL,TN28AL5055,262,,
,VCV00012397/082021,SPTEXROY12,RECTIFIER ASSY RA65 24V,Early,HOSHOSALLCCA3,HOSHOSALLCCA3,ARUN,TN24AE6396,263,,
,VCV00012387/082021,SPTEXROY12,3RU RECT & STUD ASSY,Early,HOSHOSALLCCA3,HOSHOSALLCCA3,VIMAL,TN283256,264,,
,VCV00009430/082021,SRREXCHE01,AUTO PARTS,Delay,CHEORADMRCCB1,CHEOARDMROPA1,KARTHI P,TN11AB2839,265,,
,VCV00012381/082021,SPTEXROY12,AUTO PARTS,Early,HOSHOSALLCCA3,HOSHOSALLCCA3,ARUN,TN52Y0785,266,,
,VCV00012385/082021,SPTEXROY12,ENGINE MOUNTING BRACKET-LH,Early,HOSHOSALLCCA3,HOSHOSALLCCA3,ARUN,KA22B0825,267,,
,VCV00011958/082021,ARVEXNAM09,AUTO PARTS,Early,CHEORADMRCCB1,CHEMATDMROPA7,RAMKUMAR,TN28AQ0975,268,,
,VCV00011694/082021,ARVEXNAM09,LU PUMP MODULE / BSVI,Early,CHEORADMRCCB1,CHEMATDMROPA7,RAVI,TN28AQ0781,269,,
,VCV00011761/082021,SRTEXKOR96,ZB DOOR CHECK / 80DEG/MDT,Early,CHEPADLUTCCA1,CHENETLUTCCA1,KESAVEN,TN02AS5679,270,,
,VCV00011829/082021,SRTEXKOR96,ZB DOOR CHECK RH / 90 DEG,Early,CHEPADLUTCCA1,CHENETLUTCCA1,VASUDEVAN,TN25M8075,271,,
,VCV00011486/082021,VJLEXSHE09,X3X03311,Early,CHEORADMRCCB1,CHEMATDMROPA7,RAVI,TN30BJ0957,272,,
,MVCV0001434/082021,AVTEXMATB9,GASKET LUB. OIL,Early,CHEENNALLCCA1,HOSHOSALLCCA3,NA,KA432901,273,,
,MVCV0001429/082021,AVTEXMATB9,"COVER,VALVE",Early,HOSHOSALLCCA2,CHEENNALLCCA1,NA,KA27A4080,274,,
,AEIBK2027172,2785,AUTO PARTS,Early,COIPERTVSHUA3,HOSHOSALLCCA2,KANNAN A,TN18AJ1390,275,,
,VCV00012212/082021,SPTEXROY12,EMPTY BIN,Early,HOSHOSALLCCA3,HOSHOSALLCCA3,KUMAR,TN24AE6396,276,,
,AEIBK2027171,67974,EMPTY BIN,Early,COIPERTVSHUA3,CHEENNALLCCA1,MUBARAK ALI N,TN40J2380,277,,
,VCV00012209/082021,SPTEXROY12,TAIL LAMP BRACKET,Early,HOSHOSALLCCA3,HOSHOSALLCCA3,KUMAR,TN70J0495,278,,
,VCV00012196/082021,SPTEXROY12,TAIL LAMP BRACKET,Early,HOSHOSALLCCA3,HOSHOSALLCCA3,LOKESH,KA22B0825,279,,
,VCV00011485/082021,SUSEXMADL5,L-BRKT,Early,CHEORADMRCCB1,CHEMATDMROPA7,ELUMALAI,TN85B2698,280,,
,VCV00011488/082021,RAGEXKAN82,CONSTANT VELOCITY UNIT,Early,CHEORADMRCCB1,CHEMATDMROPA7,MANIKANDAN,TN19AL2181,281,,
,VCV00012153/082021,SPTEXROY12,EMPTY BIN,Early,HOSHOSALLCCA3,HOSHOSALLCCA3,JAGAN,TN28AL5055,282,,
,VCV00012121/082021,SPTEXROY12,LU CLUTCH PLATE / D 430  WITH HIGHER WEA,Early,HOSHOSALLCCA3,HOSHOSALLCCA3,MURALI,TN28AL5055,283,,
,VCV00012144/082021,SPTEXROY12,LU CLUTCH PRESSURE PLATE / D395,Early,HOSHOSALLCCA3,HOSHOSALLCCA3,JAI,TN60F8519,284,,
,VCV00011607/082021,CTCEXBAW02,WASHER_FLAT PLAIN,Early,HALVITJBLCCA1,GURMANJBLCCG3,BHUPENDRA,HR47C3126,285,,
,VCV00011475/082021,NSAEXNAMDZ,L-BRACKET,Early,CHEORADMRCCB1,CHEMATDMROPA7,SIGAMANI,AP39TJ1844,286,,
,VCV00011657/082021,VJLEXSHE09,STARTER RELAY SWITCH,Early,CHEORADMRCCB1,CHEMATDMROPA7,RAMESH,TN30BC5917,287,,
,VCV00012024/082021,NSAEXNAMDZ,BOLT,Early,CHEORADMRCCB1,CHEMTADMROPA1,SUDHAKAR,TN88D4133,288,,
,VCV00011115/082021,VRLEXENN11,NYLOCK NUT 1.25,Early,CHEENNALLCCA1,HOSCHAALLCCA2,BOOPALAN,TN23AZ8289,289,,
,VCV00011735/082021,VJLEXSHE09,SET SCREW M12X1.75X35,Early,CHEORADMRCCB1,CHEMATDMROPA7,SENTHIL KUMAR,TN30BC9320,290,,
,VCV00010240/082021,BRIEXMINK3,WASHER,Delay,HOSHOSALLCCA3,CHEPUZTVSHUA1,LOKESH,TN70T5805,291,,
,VCV00011565/082021,VJLEXSHE09,HORN RH,Early,CHEORADMRCCB1,CHEMTADMROPA1,KARTHIKEYAN,TN30BF9653,292,,
,VCV00011540/082021,PACEXCUD02,CABLE ASSY BRAKE FRONT,Early,CHEENNALLCCA1,HOSHOSALLCCA3,MATHI,TN48E1822,293,,
,VCV00011087/082021,ARVEXNAM09,CABLE ASSY BRAKE REAR JUPITER,Early,CHEORADMRCCB1,CHEMATDMROPA7,CHAKRAVARTHI,TN88A0823,294,,
,VCV00011614/082021,SUSEXMADL5,AUTO PARTS,Early,CHEORADMRCCB1,CHEMATDMROPA7,PATTABI,TN12C9762,295,,
,VCV00011506/082021,ARVEXNAM09,BOLT_FLY WHEEL,Early,CHEORADMRCCB1,CHEMATDMROPA7,RAMKUMAR,TN28AQ0975,296,,
,VCV00011948/082021,NSAEXNAMDZ,LU KUPPLUNGSDRUCKPLATTE / D395,Early,CHEORADMRCCB1,CHEMTADMROPA1,SUDHAKAR,TN88D4134,297,,
,VCV00011942/082021,SRTEXKOR96,TCI UNIT PETROL,Early,CHENETLUTCCA1,CHEPADLUTCCA1,KESAVAN,TN18AB5514,298,,
,VCV00011819/082021,SRTEXKOR96,VALVE SPRING,Early,CHEPADLUTCCA1,CHENETLUTCCA1,KESAVEN,TN13Q4639,299,,
,VCV00011928/082021,SRTEXKOR96,LU GUIDE BUSH / RUBBER BUFFER OM457,Early,CHEPONLUTCCA4,CHEPADLUTCCA1,VEERA MUTHU,TN73AB7106,300,,
,VCV00011305/082021,SRTEXKOR96,LU BRACKET / SNORKEL /4843K,Early,CHEPONLUTCCA4,CHEPONLUTCCA4,PAULRAJ,TN13M3641,301,,
,VCV00011632/082021,ESWEXNAM02,LU BRACKET / SNORKEL /4843K,Early,CHEORADMRCCB1,CHEMATDMROPA7,SIVA,TN887661,302,,
,VCV00011542/082021,NSAEXNAMDZ,LU WINDOW LIFT FRT LH / DOOR REGULATOR,Early,CHEORADMRCCB1,CHEMTADMROPA1,SUDHAKAR,TN88D4134,303,,
,VCV00011498/082021,VJLEXSHE09,LU WINDOW LIFT FRT RH / DOOR REGULATOR,Early,CHEORADMRCCB1,CHEMATDMROPA7,SENTHIL KUMAR,TN30BC5982,304,,
,VCV00011513/082021,SRTEXKOR96,CATCH BOLT / HANDSCHALTUNG CPS,Early,CHEPADLUTCCA1,CHENETLUTCCA1,KESAVEN,TN18AB5514,305,,
,VCV00011555/082021,NSAEXNAMDZ,BEARING BUSH / OF 9T,Early,CHEORADMRCCB1,CHEMATDMROPA7,KUMARAN,TN88D3900,306,,
,AEIBK2026423,67974,SPACER,Delay,COIPERTVSHUA3,HOSHOSALLCCA2,MUTHUVELU S,TN83Q3845,307,,
,VCV00010403/082021,ARVEXNAM09,BEARING BOLT,Delay,CHEORADMRCCB1,CHEMATDMROPA7,RAVI,TN88A6656,308,,
,VCV00009362/082021,ESWEXNAM02,AUTO PARTS,Delay,CHEORADMRCCB1,CHEOARDMROPA1,MANI,TN88D1544,309,,
,VCV00011934/082021,NSAEXNAMDZ,AUTO PARTS,Early,CHEORADMRCCB1,CHEMTADMROPA1,SUDHAKAR,TN88D4133,310,,
,VCV00011670/082021,NSAEXNAMDZ,M10X1 GR. NIPPLE,Early,CHEORADMRCCB1,CHEMTADMROPA1,SUDHAKAR,TN88D4133,311,,
,VCV00011723/082021,SRTEXKOR96,M14X1.5-10.9 GR PLAIN NUT,Early,CHEPADLUTCCA1,CHENETLUTCCA1,KESAVEN,TN73AB7106,312,,
,VCV00011712/082021,NSAEXNAMDZ,BOLT M10X1.5X45,Early,CHEORADMRCCB1,CHEORADMRCCB1,PUSHBANATHAN,TN88B2414,313,,
,VCV00011306/082021,VJLEXSHE09,S/A HOSE,Early,CHEORADMRCCB1,CHEMATDMROPA7,SENTHIL KUMAR,TN30BC9320,314,,
,VCV00011456/082021,SUSEXMADL5,"CLIP-3/4""-VKG",Early,CHEORADMRCCB1,CHEMATDMROPA7,N.ELUMALAI,TN12AB9253,315,,
,VCV00011673/082021,KRCEXSIN81,NYLOCK NUT 1.25,Early,CHEORADMRCCB1,CHEMATDMROPA7,RAMACHANDRAN,TN11J6678,316,,
,VCV00011284/082021,SRTEXKOR96,AUTO PARTS,Early,CHENETLUTCCA1,CHENETLUTCCA1,TAMIL,TN68F1722,317,,
,VCV00010453/082021,GSTEXLAK1Q,Empty trays,Early,CHENETLUTCCA1,CHENETLUTCCA1,GIRI,TN22AR2748,318,,
,VCV00011649/082021,SPTEXROY12,Empty CB,Early,HOSHOSALLCCA3,HOSHOSALLCCA3,RAMU,KA22B0825,319,,
,VCV00011515/082021,SRTEXKOR96,Empty CB,Early,CHEPADLUTCCA1,CHENETLUTCCA1,KESAVEN,TN73AB7106,320,,
,VCV00011635/082021,SPTEXROY12,EMPTY TRAYS,Early,HOSHOSALLCCA3,HOSHOSALLCCA3,ramu,TN283256,321,,
,VCV00010882/082021,VJLEXSHE09,Empty trays,Early,CHEORADMRCCB1,CHEMATDMROPA7,RAMESH,TN30BC5917,322,,
,AEIBK2026830,67860,REGULATOR CUM BRU.BOX& REC.ASS,Delay,CHEMADSCTCCA2,HOSMYSTMCCCA1,MURUGAN,KA51D3946,323,,
,VCV00011601/082021,SPTEXROY12,SOLENOID SWITCH ASSY,Early,HOSHOSALLCCA3,HOSHOSALLCCA3,kumar,TN52Y0785,324,,
,VCV00011597/082021,SPTEXROY12,SOLENOID ASSEMBLY,Early,HOSHOSALLCCA3,HOSHOSALLCCA3,kumar,TN283256,325,,
,VCV00011604/082021,BALEXAMB18,AUTO PARTS,Early,CHEAMBWABCCA1,HOSLALWABWHA2,Bally Logistics & Warehousing Private Limited,TN20BV6187,326,,
,VCV00011610/082021,BALEXAMB18,AUTO PARTS,Early,CHEAMBWABCCA1,HOSLALWABWHA2,Bally Logistics & Warehousing Private Limited,TN13K3588,327,,
,VCV00011611/082021,BALEXAMB18,AUTO PARTS,Early,CHEAMBWABCCA1,HOSLALWABWHA2,Bally Logistics & Warehousing Private Limited,TN13K3804,328,,
,VCV00011309/082021,ESWEXNAM02,AUTO PARTS,Early,CHEORADMRCCB1,CHEMATDMROPA7,SIVA,TN887661,329,,
,VCV00011095/082021,ARVEXNAM09,AUTO PARTS,Early,CHEORADMRCCB1,CHEMTADMROPA1,NAGARAJAN,TN88A8569,330,,
,VCV00010798/082021,VJLEXSHE09,AUTO PARTS,Early,CHEORADMRCCB1,CHEMATDMROPA7,VASANTH,TN30BB0534,331,,
,VCV00010100/082021,VRLEXENN11,AUTO PARTS,Delay,HOSCHAALLCCA2,CHEENNALLCCA1,MURUGAN,TN23L2017,332,,
,VCV00011094/082021,ESWEXNAM02,AUTO PARTS,Early,CHEORADMRCCB1,CHEOARDMROPA1,SIVANESAN M,TN88D1410,333,,
,VCV00011308/082021,KRCEXSIN81,EMPTY FOAM,Early,CHEORADMRCCB1,CHEMATDMROPA7,RAMACHANDRAN,TN11J6678,334,,
,VCV00011520/082021,NSAEXNAMDZ,X3X01714,Early,CHEORADMRCCB1,CHEMTADMROPA1,SUDHAKAR,TN88D4133,335,,
,AEIBK2026392,67985,SPL BOLT M10*1.5 STLLN MK 4,Delay,CHEMADSCTCCA2,HOSMYSTMCCCA1,AKHALAK INAMDAR,TN59CE2657,336,,
,VCV00011084/082021,NSAEXNAMDZ,MOULDER HOSE KIT,Early,CHEORADMRCCB1,CHEMATDMROPA7,KUMARAN,TN88D3900,337,,
,VCV00011539/082021,KRIEXTHI01,SA OF FUEL FILTER HOSE,Early,CHEPUZTVSHUA1,CHEPUZTVSHUA1,MURUGAN,TN20BS8311,338,,
,VCV00010836/082021,ESWEXNAM02,O S RING INNER,Early,CHEORADMRCCB1,CHEOARDMROPA1,SIVANESAN M,TN88D8267,339,,
,VCV00011307/082021,ARVEXNAM09,EMPTY BIN,Early,CHEORADMRCCB1,CHEMATDMROPA7,RAMKUMAR,TN28AQ0975,340,,
,MVCV0001298/082021,AVTEXMATB9,REGULATOR - 12V,Early,CHEENNALLCCA1,HOSHOSALLCCA2,NA,KA27A4080,341,,
,VCV00011090/082021,SUSEXMADL5,TCI UNIT EXP,Early,CHEORADMRCCB1,CHEMATDMROPA7,YUVARAJ,TN12AC0599,342,,
,VCV00011091/082021,RAGEXKAN82,TCI UNIT,Early,CHEORADMRCCB1,CHEMATDMROPA7,MANIKANDAN,TN19AL2181,343,,
,AEIBK2026883,67859,TAIL PIPE BRKT,Early,CHEPUZTVSHUA1,HOSHOSALLCCA3,MAHENDRAN M,TN73F4927,344,,
,AEIBK2026889,73073,SLIDING SLEEVE,Early,CHEPUZTVSHUA1,HOSHOSALLCCA2,SASI M,KA409852,345,,
,VCV00011065/082021,VJLEXSHE09,LU WASHER FLUID RESERVOIR,Early,CHEORADMRCCB1,CHEMATDMROPA7,ANBU,TN30BB1036,346,,
,AEIBK2026570,73073,LU KUPPLUNGSDRUCKPLATTE / D395,Delay,CHEPUZTVSHUA1,HOSHOSALLCCA3,LAKSHMANAN K,TN70T5805,347,,
,AEIBK2027146,67789,L-BRKT-TRACK,Early,COIPERTVSHUA3,HOSHOSALLCCA3,R. BANNARI,TN40M8575,348,,
,VCV00010889/082021,SUSEXMADL5,BOLT M12X1.5X60,Early,CHEORADMRCCB1,CHEMATDMROPA7,N.ELUMALAI,TN12AB9253,349,,
,AEIBK2026874,24885,PAN HEAD SCREW,Early,HOSMADTVSHUA1,CHEPADLUTCCA1,RAVI,TN52J1622,350,,
,VCV00010911/082021,MUTEXMMN15,SET SCREW M10X1.5X25,Early,CHEORADMRCCB1,CHEMTADMROPA1,BHUVANESH,TN11S1459,351,,
,VCV00010800/082021,VJLEXSHE09,"PLAIN NUT,M6X1",Early,CHEORADMRCCB1,CHEMATDMROPA7,MURUGAN,TN30BD0285,352,,
,VCV00011295/082021,SRTEXKOR96,Front brake Cable,Early,CHEPONLUTCCA4,CHEPADLUTCCA1,ANBU,TN25M8075,353,,
,VCV00011266/082021,SRTEXKOR96,SAI VALVE SUB ASSY,Early,CHENETLUTCCA1,CHEPADLUTCCA1,JEYABAL,TN18AB5514,354,,
,VCV00011334/082021,AMAEXSUN42,FX602111,Early,CHEMMNTFECCC3,CHEMMATFEOPA1,RAJA,TN18s3838,355,,
,VCV00011335/082021,AMAEXSUN42,FW400314,Early,CHEMMNTFECCC3,CHEMMATFEOPA1,RAJA,TN18M5881,356,,
,VCV00011325/082021,AMAEXSUN42,TCI UNIT,Early,CHEMMNTFECCC3,CHEMMATFEOPA1,RAJA,TN18s3838,357,,
,VCV00011326/082021,AMAEXSUN42,PRESSURE SPRING / CPS,Early,CHEMMNTFECCC3,CHEMMATFEOPA1,RAJA,TN18M5881,358,,
,VCV00010949/082021,SRTEXKOR96,VALVE SPRING,Early,CHENETLUTCCA1,CHENETLUTCCA1,PERUMAL,tn02ap2662,359,,
,VCV00010590/082021,AMAEXSUN42,LU WINDOW LIFTER W MOTOR FRT RH,Early,CHEMMNTFECCC3,CHEMMATFEOPA1,RAJA,TN18s3838,360,,
,VCV00011113/082021,VRLEXENN11,SPACER TUBE / CLAMPING,Early,CHEENNALLCCA1,HOSHOSALLCCA3,MURUGAN,TN23AA5466,361,,
,VCV00011052/082021,ESWEXNAM02,LINKING ROD STABILIZER / PIN,Early,CHEORADMRCCB1,CHEMATDMROPA7,SIVA,TN887661,362,,
,VCV00010426/082021,VJLEXSHE09,BEARING BOLT,Early,CHEORADMRCCB1,CHEMTADMROPA1,KARTHIKEYAN,TN30BF9653,363,,
,VCV00011262/082021,SRTEXKOR96,LU NOZZLE HOLDER W. NOZZLE,Early,CHENETLUTCCA1,CHENETLUTCCA1,PAL RAJ,TN13M3641,364,,
,VCV00011273/082021,SRTEXKOR96,RECTANGULAR RING,Early,CHEPONLUTCCA4,CHEPADLUTCCA1,PARTHIBAN,TN02AS5679,365,,
,VCV00011287/082021,SRTEXKOR96,ZB LOCK LH,Early,CHEPONLUTCCA4,CHEPADLUTCCA1,VEERAMANI,TN73AB7106,366,,
,VCV00008377/082021,VRLEXENN11,Empty CB,Delay,CHEENNALLCCA1,HOSHOSALLCCA2,MOHAN,TN22BE9497,367,,
,AEIBK2026052,67835,7MM HOLE-PLATE,Delay,CHEMADSCTCCA2,HOSMYSTMCCCA1,SURENDRAN M,KA01AG0996,368,,
,AEIBK2025996,68007,PAD,Delay,CHEMADSCTCCA2,HOSMYSTMCCCA1,SACHIN RODGE,TN60X3147,369,,
,AEIBK2026271,73073,BOLT M14X1.5X50-STALL.,Delay,CHEPUZTVSHUA1,HOSHOSALLCCA2,Manikandan,KA51D0830,370,,
,VCV00011265/082021,SRTEXKOR96,M10X20 S.SCREW,Early,CHENETLUTCCA1,CHENETLUTCCA1,KODISHWARAN,TN31CA2511,371,,
,VCV00009193/082021,BRIEXMINK3,LOCK WASHER M8,Delay,HOSHOSALLCCA3,CHEENNALLCCA1,RAVI,TN24AC3721,372,,
,VCV00009577/082021,SRTEXKOR96,EMPTY LIDS,Early,CHENETLUTCCA1,CHENETLUTCCA1,TAMIL,TN68F1722,373,,
,VCV00011197/082021,SRTEXKOR96,3HA15 RECTIFIER ASSY,Early,CHEPADLUTCCA1,CHENETLUTCCA1,KESAVEN,TN25M8075,374,,
,VCV00010851/082021,GSTEXLAK1Q,AUTO PARTS,Early,CHEPONLUTCCA4,CHEPONLUTCCA4,EZUMALAI,TN19AH6070,375,,
,VCV00011230/082021,SRTEXKOR96,S/A OF HOSE,Early,CHEPONLUTCCA4,CHEPADLUTCCA1,VEERAMANI,TN73AB7106,376,,
,VCV00011147/082021,SRTEXKOR96,SA OF MODULAR HOSE FOR ECOMET,Early,CHENETLUTCCA1,CHEPADLUTCCA1,SIVA,TN18AB5514,377,,
,VCV00009810/082021,ESWEXNAM02,EMPTY BIN,Early,CHEORADMRCCB1,CHEMATDMROPA7,SAKTHIVEL.M,TN88C8204,378,,
,VCV00010980/082021,SRTEXKOR96,RECTIFIER REVERSE,Early,CHEPADLUTCCA1,CHENETLUTCCA1,KESAVEN,TN73AB7106,379,,
,VCV00011006/082021,SRTEXKOR96,SLIDING SLEEVE,Early,CHEPADLUTCCA1,CHENETLUTCCA1,PARTHIBAN,TN02AS5679,380,,
,VCV00011096/082021,SRTEXKOR96,GASKET REAR COVER,Early,CHENETLUTCCA1,CHENETLUTCCA1,PERUMAL,TN13M3641,381,,
,AEIBK2026475,67731,WASHER SEALING,Early,CHEMADSCTCCA2,HOSMYSTMCCCA1,ABDUL RASHID,NL01AA0415,382,,
,MVCV0000961/082021,AVTEXMATB9,EMPTY BIN,Early,CHEENNALLCCA1,HOSHOSALLCCA3,NA,KA432901,383,,
,VCV00010978/082021,SRTEXKOR96,B3118702,Early,CHEPADLUTCCA1,CHENETLUTCCA1,KESAVEN,TN18AB5514,384,,
,VCV00010981/082021,SRTEXKOR96,FLYWHEEL,Early,CHEPADLUTCCA1,CHENETLUTCCA1,KESAVEN,TN13Q4639,385,,
,VCV00009622/082021,ARVEXNAM09,EMPTY BIN,Early,CHEORADMRCCB1,CHEMATDMROPA7,CHAKRAVARTHI,TN88A0823,386,,
,VCV00010946/082021,NSAEXNAMDZ,EMPTY BIN,Early,CHEORADMRCCB1,CHEMATDMROPA7,KUMARAN,TN88D3900,387,,
,VCV00010987/082021,VJLEXSHE09,INNER SYNCHRONIZER RING / KONSTANTE,Early,CHEORADMRCCB1,CHEMATDMROPA7,SENTHIL KUMAR,TN30BC9320,388,,
,VCV00010140/082021,ARVEXNAM09,INNER SYNCHRONIZER RING / KONSTANTE,Early,CHEORADMRCCB1,CHEMATDMROPA7,SATHIK BASHA,TN88D2104,389,,
,VCV00011069/082021,SRTEXKOR96,EMPTY BIN,Early,CHEPONLUTCCA4,CHEPADLUTCCA1,ANBU,TN25M8075,390,,
,VCV00010813/082021,VJLEXSHE09,LU CLUTCH PLATE / D430,Early,CHEORADMRCCB1,CHEMATDMROPA7,ANBU,TN30BB1036,391,,
,VCV00009790/082021,PACEXCUD02,BRKT FOR AXLE FL LAMP-STALL.,Early,CHEENNALLCCA1,HOSHOSALLCCA3,MATHI,TN48E1822,392,,
,VCV00010477/082021,ESWEXNAM02,GUN CLIP(STEN GUN) - STALL.,Early,CHEORADMRCCB1,CHEMATDMROPA7,GANESH,TN88A4980,393,,
,VCV00011029/082021,MMAEXWAL06,EARTH STRAP-STAG-E3,Early,CHEPULTELCCA1,CHEPULTELCCA1,Mr.Vishnu,TN13E5179,394,,
,VCV00010071/082021,ESWEXNAM02,OIL PRESSURE TRANSDUCER,Early,CHEORADMRCCB1,CHEMATDMROPA7,SIVA,TN887661,395,,
,VCV00010944/082021,VJLEXSHE09,PLAIN NUT M10X1.25,Early,CHEORADMRCCB1,CHEMTADMROPA1,DHASHNAMOORTHY,TN30BC9252,396,,
,VCV00010894/082021,ARVEXNAM09,SET SCREW M12X1.5X40,Early,CHEORADMRCCB1,CHEMATDMROPA7,RAMKUMAR,TN28AQ0975,397,,
,VCV00010871/082021,VJLEXSHE09,SET SCREW M8X1.25X35,Early,CHEORADMRCCB1,CHEMATDMROPA7,SENTHIL KUMAR,TN30BC5982,398,,
,AEIBK2026249,68007,"PLAIN NUT,M8X1.25",Delay,CHEMADSCTCCA2,HOSMYSTMCCCA1,KANNAN N,TN28AP6935,399,,
,VCV00010454/082021,SRTEXKOR96,SET SCREW M6X1X20,Early,CHENETLUTCCA1,CHENETLUTCCA1,PERUMAL,TN13M3641,400,,
,VCV00010478/082021,SUSEXMADL5,SPRING,Early,CHEORADMRCCB1,CHEMATDMROPA7,PATTABI,TN12C9762,401,,
,AEIBK2025631,67860,AUTO PARTS,Delay,CHEMADSCTCCA2,HOSMYSTMCCCA1,KADHAR MEERAN M,KA51D3946,402,,
,VCV00010897/082021,SRTEXKOR96,X3005810,Early,CHEPONLUTCCA4,CHEPADLUTCCA1,BARTHIBAN,TN02AS5679,403,,
,VCV00010815/082021,NSAEXNAMDZ,F8440310,Early,CHEORADMRCCB1,CHEMTADMROPA1,SUDHAKAR,TN88D4134,404,,
,VCV00010716/082021,VJLEXSHE09,TCI UNIT LPG / CNG,Early,CHEORADMRCCB1,CHEMATDMROPA7,SENTHIL KUMAR,TN30BC9320,405,,
,VCV00010245/082021,SRTEXKOR96,AUTO PARTS,Early,CHEPADLUTCCA1,CHENETLUTCCA1,KESAVEN,TN73AB7106,406,,
,VCV00010720/082021,NSAEXNAMDZ,AUTO PARTS,Early,CHEORADMRCCB1,CHEMTADMROPA1,SUDHAKAR,TN88D4133,407,,
,VCV00010820/082021,SRTEXKOR96,PRESSURE SPRING,Early,CHENETLUTCCA1,CHEPADLUTCCA1,BOOBALAN,TN13Q4639,408,,
,VCV00010797/082021,SRTEXKOR96,LU WORKING LAMP,Early,CHENETLUTCCA1,CHENETLUTCCA1,PERUMAL,TN02AP2662,409,,
,VCV00010322/082021,VRLEXENN11,LU WINDOW LIFTER W MOTOR FRT LH,Early,HOSHOSALLCCA3,CHEENNALLCCA1,RAGU,TN23AA5466,410,,
,VCV00010369/082021,SUSEXMADL5,ZB BRACKET / DAT/1617R,Early,CHEORADMRCCB1,CHEMATDMROPA7,YUVARAJ,TN12AC0599,411,,
,VCV00010440/082021,KRCEXSIN81,MOLDED HOSE / HEATING PIPE,Early,CHEORADMRCCB1,CHEMATDMROPA7,RAMACHANDRAN,TN11J6678,412,,
,VCV00009680/082021,ARVEXNAM09,SPACER / BUSHING,Early,CHEORADMRCCB1,CHEMTADMROPA1,NAGARAJAN,TN88A8569,413,,
,VCV00010416/082021,RAGEXKAN82,SPRING SHACKLE PIN,Early,CHEORADMRCCB1,CHEMATDMROPA7,MANIKANDAN,TN19AL2181,414,,
,VCV00010427/082021,SUSEXMADL5,BEARING BUSH,Early,CHEORADMRCCB1,CHEMATDMROPA7,S. VELU,TN85B2685,415,,
,VCV00010321/082021,VRLEXENN11,CENTERING BOLT,Early,HOSHOSALLCCA3,CHEENNALLCCA1,RAGU,TN23AZ8289,416,,
,VCV00010475/082021,NSAEXNAMDZ,CLAMPING BOLT / STRAP FOR D SHAPE,Early,CHEORADMRCCB1,CHEMATDMROPA7,KUMARAN,TN88D3900,417,,
,VCV00010232/082021,NCREXMUGZ9,BEARING BUSH,Early,HOSHOSALLCCA3,CHEPUZTVSHUA1,KUMAR,TN73F4927,418,,
,VCV00010890/082021,KRIEXTHI01,GUIDE PIN/WEDGE BOLT,Early,CHEPUZTVSHUA1,CHEPUZTVSHUA1,MURUGAN,TN20BS8311,419,,
,VCV00009592/082021,RAGEXKAN82,POSITION SENSOR TDC,Early,CHEORADMRCCB1,CHEMATDMROPA7,KUMERASAN,TN19AM0312,420,,
,VCV00010529/082021,ARVEXNAM09,Empty trays,Early,CHEORADMRCCB1,CHEMATDMROPA7,RAMKUMAR,TN28AQ0975,421,,
,VCV00009723/082021,SUSEXMADL5,M70 STARTER MOTOR-1.2kw  ,Early,CHEORADMRCCB1,CHEMATDMROPA7,N.ELUMALAI,TN12AB9253,422,,
,VCV00009862/082021,VJLEXSHE09,SPECIAL WASHER,Early,CHEORADMRCCB1,CHEMATDMROPA7,RAMESH,TN30BC5917,423,,
,MVCV0001226/082021,AVTEXMADNJ,HAND BRAKE VALVE,Early,HOSHOSALLCCA3,CHEENNALLCCA1,NA,TN21R2077,424,,
,VCV00010845/082021,SPTEXROY12,SCREW,Early,HOSHOSALLCCA3,HOSHOSALLCCA3,KUMAR,TN70J0495,425,,
,MVCV0000960/082021,AVTEXMADNJ,SCREW,Early,CHEENNALLCCA1,HOSHOSALLCCA3,NA,TN21M2911,426,,
,VCV00010818/082021,SPTEXROY12,ARRANGEMENT-26071777,Early,HOSHOSALLCCA3,HOSHOSALLCCA3,KUMAR,TN52Y0785,427,,
,VCV00010707/082021,SPTEXROY12,WIPER MOTOR LINK,Early,HOSHOSALLCCA3,HOSHOSALLCCA3,GUNA,TN60F0658,428,,
,VCV00009990/082021,VJLEXSHE09,SIA114 12V 55A IF-ALTERNATOR,Early,CHEORADMRCCB1,CHEMATDMROPA7,MURUGAN,TN30BD0285,429,,
,VCV00010081/082021,SRTEXKOR96,AUTO PARTS,Early,CHENETLUTCCA1,CHENETLUTCCA1,PERUMAL,TN02AP2662,430,,
,VCV00010129/082021,VJLEXSHE09,AUTO PARTS,Early,CHEORADMRCCB1,CHEMATDMROPA7,VASANTH,TN30BB0534,431,,
,VCV00010482/082021,VJLEXSHE09,AUTO PARTS,Early,CHEORADMRCCB1,CHEMATDMROPA7,ANBU,TN30BB1036,432,,
,VCV00010705/082021,SPTEXROY12,AUTO PARTS,Early,HOSHOSALLCCA3,HOSHOSALLCCA3,GUNA,TN28AL5055,433,,
,VCV00009648/082021,GSTEXLAK1Q,AUTO PARTS,Early,CHENETLUTCCA1,CHENETLUTCCA1,ELUMALAI,tn19ah6070,434,,
,VCV00010768/082021,SPTEXROY12,PLUG MODG,Early,HOSHOSALLCCA3,HOSHOSALLCCA3,KUMAR,TN70J0495,435,,
,VCV00010423/082021,SRTEXKOR96,EMPTY TRAYS,Early,CHEPADLUTCCA1,CHENETLUTCCA1,KESAVEN,TN02AS5679,436,,
,VCV00010366/082021,SRTEXKOR96,SPINDLE ASSY,Early,CHEPADLUTCCA1,CHENETLUTCCA1,KESAVEN,TN25M8075,437,,
,VCV00007656/082021,NCREXMUGZ9,FM100154,Early,HOSSIPPVECCA8,CHEVICSDPCCA1,KUMAR,TN11Z7473,438,,
,VCV00010587/082021,MRTEXTIN02,OUTER LEVER,Early,CHEPONLUTCCA4,CHENETLUTCCA1,MATHAN,TN04AE6148,439,,
,AEIBK2026436,73073,SA AIR PIPING KIT,Early,CHEPUZTVSHUA1,HOSHOSALLCCA2,SASI M,KA409852,440,,
,VCV00010076/082021,SUSEXMADL5,SLIDING SLEEVE,Early,CHEORADMRCCB1,CHEMTADMROPA1,SURESH,TN85B1588,441,,
,VCV00010709/082021,SPTEXROY12,SLIDING SLEEVE,Early,HOSHOSALLCCA3,HOSHOSALLCCA3,GUNA,TN38BM5947,442,,
,VCV00010448/082021,VJLEXSHE09,CONSTANT VELOCITY UNIT / 5./6.GANG,Early,CHEORADMRCCB1,CHEMATDMROPA7,SENTHIL KUMAR,TN30BC9320,443,,
,MVCV0001094/082021,AVTEXMATB9,GASKET OIL SUC CONNECTIO,Early,CHEENNALLCCA1,HOSHOSALLCCA3,NA,KA27A4080,444,,
,VCV00010014/082021,VRLEXENN11,GASKET GEAR HOUSING,Early,HOSHOSALLCCA3,CHEENNALLCCA1,RAJA,TN23AA5466,445,,
,VCV00010572/082021,AMAEXSUN42,GASKET EXHAUST MANIFOLD,Early,CHEMMNTFECCC3,CHEMMATFEOPA1,RAJA,TN18m5881,446,,
,VCV00009694/082021,AMAEXSUN42,GASKET CONNECTION  N/ASB,Early,CHEMMNTFECCC3,CHEMMATFEOPA1,RAJA,TN18m5881,447,,
,VCV00009695/082021,AMAEXSUN42,"HEAD,LUB OIL FILTER",Early,CHEMMNTFECCC3,CHEMMATFEOPA1,RAJA,TN18s3838,448,,
,VCV00010167/082021,ARVEXNAM09,AUTO PARTS,Early,CHEORADMRCCB1,CHEMATDMROPA7,RAMKUMAR,TN28AQ0975,449,,
,VCV00010490/082021,ARVEXNAM09,EMPTY BIN,Early,CHEORADMRCCB1,CHEMTADMROPA1,MUTHU,TN88A8905,450,,
,VCV00010469/082021,SRTEXKOR96,B3118702,Early,CHENETLUTCCA1,CHEPADLUTCCA1,BOOBALAN,TN18AB5514,451,,
,VCV00010472/082021,SRTEXKOR96,F3200622,Early,CHEPONLUTCCA4,CHEPADLUTCCA1,VEERAMANI,TN51T7528,452,,
,VCV00010473/082021,NSAEXNAMDZ,EMPTY BIN,Early,CHEORADMRCCB1,CHEMTADMROPA1,SUDHAKAR,TN88D4133,453,,
,VCV00010395/082021,SRTEXKOR96,EMPTY BIN,Early,CHEPADLUTCCA1,CHENETLUTCCA1,KESAVEN,TN13Q4639,454,,
,VCV00010449/082021,NSAEXNAMDZ,ANGLE BRACKET,Early,CHEORADMRCCB1,CHEMTADMROPA1,SUDHAKAR,TN88D4134,455,,
,VCV00010035/082021,VJLEXSHE09,INNER SYNCHRONIZER RING / 6.GANG,Early,CHEORADMRCCB1,CHEMATDMROPA7,ANBU,TN30BB1036,456,,
,VCV00009659/082021,SUSEXMADL5,EMPTY BIN,Early,CHEORADMRCCB1,CHEMATDMROPA7,PATTABI,TN12C9762,457,,
,VCV00009658/082021,ESWEXNAM02,EMPTY BIN,Early,CHEORADMRCCB1,CHEMATDMROPA7,GANESH,TN88A4980,458,,
,VCV00010436/082021,NSAEXNAMDZ,WASHER_13X24X3,Early,CHEORADMRCCB1,CHEMATDMROPA7,KUMARAN,TN88D3900,459,,
,VCV00010437/082021,NSAEXNAMDZ,PLATE-EXH PIPE CLAMP-STALLION,Early,CHEORADMRCCB1,CHEMTADMROPA1,SUDHAKAR,TN88D4133,460,,
,VCV00010243/082021,SRTEXKOR96,M12 SET SCREW,Early,CHEPADLUTCCA1,CHENETLUTCCA1,KESAVEN,TN18AB5514,461,,
,VCV00009560/082021,GSTEXLAK1Q,SET SCREW M8X1.25X20,Early,CHEPONLUTCCA4,CHEPONLUTCCA4,ARAVINDAN,TN22AR2748,462,,
,VCV00010009/082021,VJLEXSHE09,SET SCREW M8X1.25X25,Early,CHEORADMRCCB1,CHEMATDMROPA7,SENTHIL KUMAR,TN30BC9320,463,,
,VCV00010362/082021,NSAEXNAMDZ,WASHER SC,Early,CHEORADMRCCB1,CHEMTADMROPA1,SUDHAKAR,TN88D4134,464,,
,MVCV0001098/082021,SGTEXTVS05,LOCK WASHER M8,Early,HOSHARTMCCCA1,CHEPUZTVSHUA1,NA,KA14A0338,465,,
,VCV00009042/082021,ARVEXNAM09,PLAIN WASHER M8,Early,CHEORADMRCCB1,CHEMATDMROPA7,RAVI,TN88A6656,466,,
,VCV00010078/082021,SRTEXKOR96,D.C.VALVE M800220-STAL/2614I,Early,CHENETLUTCCA1,CHENETLUTCCA1,PERUMAL,TN13M3641,467,,
,VCV00008910/082021,RAGEXKAN82,WIRING HARNESS ES -CITY REF,Early,CHEORADMRCCB1,CHEMATDMROPA7,MANIKANDAN,TN19AL2181,468,,
,VCV00010357/082021,NSAEXNAMDZ,Front brake Cable,Early,CHEORADMRCCB1,CHEMTADMROPA1,SUDHAKAR,TN88D4134,469,,
,VCV00009940/082021,SRTEXKOR96,CABLE ASSY SPEEDOMETER,Early,CHENETLUTCCA1,CHEPADLUTCCA1,BOOBALAN,TN02AS5679,470,,
,AEIBK2026676,67739,CABLE ASSY SPEEDO,Early,HOSLALWABWHA2,CHEAMBWABCCA1,Prem Kumar A,TN13K3804,471,,
,VCV00010297/082021,SPTEXROY12,LU KUPPLUNGSSCHEIBE / D395,Early,HOSHOSALLCCA3,HOSHOSALLCCA3,HARI,TN60F8519,472,,
,VCV00010300/082021,SPTEXROY12,6M14 12V STARTER MOTORS,Early,HOSHOSALLCCA3,HOSHOSALLCCA3,HARI,TN60F9702,473,,
,VCV00009757/082021,VRLEXENN11,LU CLUTCH PLATE / D395/F510 LINING GRADE,Early,CHEENNALLCCA1,HOSHOSALLCCA2,BOOPALAN,TN23AZ8289,474,,
,AEIBK2025860,55556,ZB COOLANT PIPE INLET / TURBO TO IC,Delay,V0045771 ,LE006248,Mohd Jaseem Khan,KA21A6905,475,,
,VCV00006898/082021,KRCEXSIN81,LU MARKER LAMP / HDT/POST RUN INDICATOR,Delay,CHEORADMRCCB1,CHEMATDMROPA7,RAMACHANDRAN,TN11J6678,476,,
,VCV00009728/082021,NSAEXNAMDZ,BOLT M10X1.5X50,Early,CHEORADMRCCB1,CHEMATDMROPA7,KUMARAN,TN88D3900,477,,
,AEIBK2026663,67739,LP SWITCH__M250040,Early,HOSLALWABWHA2,CHEAMBWABCCA1,Prem Kumar A,TN13K3588,478,,
,MVCV0001096/082021,AVTEXMADNJ,SOLENOID MTG BRKT-STALL.,Early,CHEENNALLCCA1,HOSHOSALLCCA3,NA,TN21R2077,479,,
,VCV00010173/082021,SRTEXKOR96,BUSH-STALLION,Early,CHEPONLUTCCA4,CHEPADLUTCCA1,ANBU,TN73AB7106,480,,
,VCV00010214/082021,SPTEXROY12,Empty trays,Early,HOSHOSALLCCA3,HOSHOSALLCCA3,BALA,TN24AE6396,481,,
,VCV00010216/082021,SPTEXROY12,EMPTY LIDS,Early,HOSHOSALLCCA3,HOSHOSALLCCA3,BALA,TN70J0495,482,,
,VCV00010203/082021,SPTEXROY12,EMPTY TRAYS,Early,HOSHOSALLCCA3,HOSHOSALLCCA3,KAVI,KA22B0825,483,,
,VCV00008832/082021,NCREXMUGZ9,PULLEY,Early,HOSHOSALLCCA3,CHEPUZTVSHUA1,RAGU,TN73F4927,484,,
,VCV00008504/082021,BRIEXMINK3,RECTIFIER ASSY-SA45,Early,HOSHOSALLCCA3,CHEPUZTVSHUA1,RAJA,TN70T5805,485,,
,VCV00010187/082021,SPTEXROY12,PLUG MODG,Early,HOSHOSALLCCA3,HOSHOSALLCCA3,LOKESH,TN28AL5055,486,,
,VCV00009679/082021,ARVEXNAM09,WIPER MOTOR LINK,Early,CHEORADMRCCB1,CHEMATDMROPA7,RAMKUMAR,TN28AQ0975,487,,
,VCV00009034/082021,BRIEXMINK3,SOLENOID SWITCH,Early,HOSHOSALLCCA3,CHEPUZTVSHUA1,MADHAN,KA51C6972,488,,
,VCV00010095/082021,SSTEXICI06,SOLENOID SWITCH ASSY,Early,HOSHOSALLCCA3,HOSHOSALLCCA3,MURALI,KA51C1177,489,,
,VCV00010097/082021,SPTEXROY12,AUTO PARTS,Early,HOSHOSALLCCA3,HOSHOSALLCCA3,HARI,TN38BM5947,490,,
,VCV00010102/082021,SPTEXROY12,AUTO PARTS,Early,HOSHOSALLCCA3,HOSHOSALLCCA3,KAMAL,TN24AE6396,491,,
,VCV00010029/082021,SUSEXMADL5,AUTO PARTS,Early,CHEORADMRCCB1,CHEORADMRCCB1,ELUMALAI,TN85B2698,492,,
,VCV00009664/082021,SRTEXKOR96,AUTO PARTS,Early,CHEPONLUTCCA4,CHEPONLUTCCA4,PAUL RAJ,TN13M3641,493,,
,VCV00009368/082021,SRTEXKOR96,AUTO PARTS,Early,CHEPADLUTCCA1,CHENETLUTCCA1,VASUDEVAN,TN51T7528,494,,
,VCV00009207/082021,SUSEXMADL5,AUTO PARTS,Early,CHEORADMRCCB1,CHEMATDMROPA7,KARTHI,TN12A4168,495,,
,VCV00009657/082021,VJLEXSHE09,B5A18206,Early,CHEORADMRCCB1,CHEMATDMROPA7,ANBU,TN30BB1036,496,,
,VCV00009729/082021,VRLEXENN11,COP LEVER INNER,Early,CHEENNALLCCA1,HOSHOSALLCCA2,MURUGAN,TN23AA5466,497,,
,VCV00009647/082021,VJLEXSHE09,CLUTCH COVER ASSY,Early,CHEORADMRCCB1,CHEMATDMROPA7,VASANTH,TN30BB0534,498,,
,VCV00008961/082021,NSAEXNAMDZ,SA OF OIL DRAIN PIPE FROM OI,Early,CHEORADMRCCB1,CHEMATDMROPA7,SIGAMANI,AP39TJ1844,499,,
,VCV00009279/082021,SUSEXMADL5,SA OF HOSE,Early,CHEORADMRCCB1,CHEMATDMROPA7,BHARATHI,TN85B2693,500,,
,VCV00009018/082021,SUSEXMADL5,SA OF FUEL FILTER HOSE,Early,CHEORADMRCCB1,CHEMTADMROPA1,SURESH,TN85B1588,501,,
,VCV00008766/082021,ARVEXNAM09,HOSE ASSY MAIN FILETR TO FIP,Early,CHEORADMRCCB1,CHEMATDMROPA7,SATHIK BASHA,TN88D2104,502,,
,VCV00009678/082021,ESWEXNAM02,SA OF AIR PIPING KIT FOR ECOM,Early,CHEORADMRCCB1,CHEMATDMROPA7,SIVA,TN887661,503,,
,VCV00009731/082021,VRLEXENN11,SA HOSE SPV,Early,CHEENNALLCCA1,HOSHOSALLCCA3,PICHANDI,TN23L2017,504,,
,VCV00009851/082021,SPTEXROY12,SYNCHRONIZER BODY / 4TH 5TH AND 6TH GEAR,Early,HOSHOSALLCCA3,HOSHOSALLCCA3,KAVI,TN283256,505,,
,AEIBK2026421,67974,GASKET CONNECTION,Early,COIPERTVSHUA3,CHEENNALLCCA1,SURESH BABU S,TN11AR6457,506,,
,VCV00009631/082021,VJLEXSHE09,GASKET CONNECTION,Early,CHEORADMRCCB1,CHEMATDMROPA7,SENTHIL KUMAR,TN30BC9320,507,,
,VCV00008379/082021,ESWEXNAM02,"GASKET,GEAR HOUSINGN/ASB",Early,CHEORADMRCCB1,CHEOARDMROPA1,SIVANESAN M,TN88D8267,508,,
,VCV00009858/082021,SPTEXROY12,"COVER,REAR",Early,HOSHOSALLCCA3,HOSHOSALLCCA3,KAVI,TN52Y0785,509,,
,VCV00009846/082021,SPTEXROY12,O S RING INNER,Early,HOSHOSALLCCA3,HOSHOSALLCCA3,KAVI,KA22B0825,510,,
,AEIBK2026544,67789,AUTO PARTS,Early,COIPERTVSHUA3,HOSHOSALLCCA2,SUNDHAR A,TN29BL4101,511,,
,VCV00009801/082021,SPTEXROY12,EMPTY BIN,Early,HOSHOSALLCCA3,HOSHOSALLCCA3,KAMAL,TN60F8519,512,,
,VCV00009807/082021,SPTEXROY12,EMPTY BIN,Early,HOSHOSALLCCA3,HOSHOSALLCCA3,KAMAL,TN38BM5947,513,,
,VCV00008967/082021,VJLEXSHE09,SLIDING SLEEVE,Early,CHEORADMRCCB1,CHEMATDMROPA7,RAMESH,TN30BC5917,514,,
,AEIBK2026547,67789,SLIDING SLEEVE,Early,COIPERTVSHUA3,HOSHOSALLCCA3,MUTHAMIZ SELVAN M,TN70AD7646,515,,
,VCV00009629/082021,ESWEXNAM02,BUSH-STALLION,Early,CHEORADMRCCB1,CHEMATDMROPA7,SAKTHIVEL.M,TN88C8204,516,,
,VCV00009745/082021,NSAEXNAMDZ,EMPTY BIN,Early,CHEORADMRCCB1,CHEMTADMROPA1,SUDHAKAR,TN88D4133,517,,
,AEIBK2026567,67859,BRKT FOR AXLE FL LAMP-STALL.,Early,HOSMADTVSHUA1,CHEENNALLCCA1,MURUGESAN,TN24AJ3359,518,,
,VCV00009619/082021,NSAEXNAMDZ,M10X1 GR. NIPPLE,Early,CHEORADMRCCB1,CHEMATDMROPA7,KUMARAN,TN88D3900,519,,
,VCV00007700/082021,VRLEXENN11,SET SCREW-STALL.,Early,CHEENNALLCCA1,HOSHOSALLCCA3,MURUGAN,TN23L2017,520,,
,VCV00009700/082021,ARVEXNAM09,STRAP 300X6,Early,HOSMADTVSHUA1,HOSMADTVSHUA1,THIMMARAJ,TN20AL7839,521,,
,VCV00009014/082021,VRLEXENN11,M10X20 S.SCREW,Early,HOSHOSALLCCA3,CHEPUZTVSHUA1,RAVI,TN23AZ8289,522,,
,MVCV0001061/082021,AVTEXMATB9,PL WASHER M10,Early,HOSHOSALLCCA2,CHEENNALLCCA1,NA,KA27A4080,523,,
,MVCV0001054/082021,AVTEXMADNJ,PLAIN NUT M14X1.5,Early,HOSHOSALLCCA3,CHEENNALLCCA1,NA,TN21R2077,524,,
,MVCV0000975/082021,AVTEXMATB9,WASHER_14DIA,Early,HOSMADTVSHUA1,CHEENNALLCCA1,NA,TN24P7916,525,,
,VCV00008759/082021,AMAEXSUN42,Z-BRKT-CG1612,Early,CHEMMNTFECCC3,CHEMMATFEOPA1,RAJA,TN18m5881,526,,
,VCV00008760/082021,AMAEXSUN42,BRKT STARTER RELAY MTG-LRV,Early,CHEMMNTFECCC3,CHEMMATFEOPA1,RAJA,TN18s3838,527,,
,VCV00008068/082021,ARVEXNAM09,CABLE ASSY SPEEDO,Early,CHEORADMRCCB1,CHEMTADMROPA1,NAGARAJAN,TN88A8569,528,,
,VCV00009065/082021,ARVEXNAM09,CABLE ASSY CLUTCH,Early,CHEORADMRCCB1,CHEMATDMROPA7,RAMKUMAR,TN28AQ0975,529,,
,VCV00009327/082021,ESWEXNAM02,LU CLUTCH PLATE / D 430  WITH HIGHER WEA,Early,CHEORADMRCCB1,CHEMATDMROPA7,SIVA,TN887661,530,,
,VCV00009642/082021,VJLEXSHE09,AUTO PARTS,Early,CHEORADMRCCB1,CHEMATDMROPA7,MURUGAN,TN30BD0285,531,,
,VCV00009663/082021,SRTEXKOR96,AUTO PARTS,Early,CHENETLUTCCA1,CHEPADLUTCCA1,JEYABALAN,TN13Q4639,532,,
,VCV00009650/082021,SRTEXKOR96,PRESSURE SPRING,Early,CHEPONLUTCCA4,CHEPADLUTCCA1,PARTHIBAN,TN25M8075,533,,
,VCV00009535/082021,SRTEXKOR96,PRESSURE SPRING,Early,CHEPADLUTCCA1,CHENETLUTCCA1,KESAVEN,TN02AS5679,534,,
,VCV00009646/082021,NSAEXNAMDZ,RETAINING CLIP / T BOLT CLAMP DIA -165-,Early,CHEORADMRCCB1,CHEMTADMROPA1,SUDHAKAR,TN88D4133,535,,
,VCV00008771/082021,SUSEXMADL5,RETAINING CLIP / T BOLT CLAMP DIA -165-,Early,CHEORADMRCCB1,CHEMATDMROPA7,PATTABI,TN12C9762,536,,
,VCV00008985/082021,VJLEXSHE09,LU LATCH / PIN,Early,CHEORADMRCCB1,CHEMATDMROPA7,ANBU,TN30BB1036,537,,
,VCV00008654/082021,ESWEXNAM02,LU DOOR LOCK RH / RHD,Early,CHEORADMRCCB1,CHEMATDMROPA7,GANESH,TN88A4980,538,,
,VCV00009457/082021,NSAEXNAMDZ,SPACER / M14 10MM/AIRTANK/4843K,Early,CHEORADMRCCB1,CHEMTADMROPA1,SUDHAKAR,TN88D4134,539,,
,VCV00008625/082021,VJLEXSHE09,PRESSURE PIN   OUTER,Early,CHEORADMRCCB1,CHEMATDMROPA7,MURUGAN,TN30BD0285,540,,
,VCV00009020/082021,VJLEXSHE09,ZB CONNECTING ROD,Early,CHEORADMRCCB1,CHEMATDMROPA7,SENTHIL KUMAR,TN30BC9320,541,,
,VCV00006774/082021,ESWEXNAM02,ZB SUPPORT / CAB STAY,Delay,CHEORADMRCCB1,CHEMATDMROPA7,SAKTHIVEL.M,TN88C8204,542,,
,VCV00008061/082021,ARVEXNAM09,ZB SUPPORT / CAB STAY,Early,CHEORADMRCCB1,CHEMATDMROPA7,CHAKRAVARTHI,TN88A0823,543,,
,VCV00008837/082021,NSAEXNAMDZ,AUTO PARTS,Early,CHEORADMRCCB1,CHEMATDMROPA7,KUMARAN,TN88D3900,544,,
,VCV00008054/082021,GSTEXLAK1Q,M70 STARTER MOTOR-1.2kw  ,Early,CHEPONLUTCCA4,CHEPONLUTCCA4,EZUMALAI,TN19AH6070,545,,
,VCV00008334/082021,RAGEXKAN82,BOLT,Early,CHEORADMRCCB1,CHEMATDMROPA7,KUMERASAN,TN19AM0312,546,,
,VCV00008659/082021,MUTEXMMN15,SET SCREW M8X1.25X20,Early,CHEORADMRCCB1,CHEMATDMROPA7,ARUN,TN19P6478,547,,
,VCV00009079/082021,NSAEXNAMDZ,SET SCREW M8X1.25X25,Early,CHEORADMRCCB1,CHEMTADMROPA1,SUDHAKAR,TN88D4133,548,,
,VCV00009316/082021,SRTEXKOR96,SETSCREW-C/A FES TO FRAME-3516,Early,CHEPONLUTCCA4,CHEPADLUTCCA1,ANBU,TN73AB7106,549,,
,VCV00009106/082021,SRTEXKOR96,SPG WASHER,Early,CHENETLUTCCA1,CHEPADLUTCCA1,BOOBALAN,TN18AB5514,550,,
,VCV00008523/082021,VJLEXSHE09,Empty trays,Early,CHEORADMRCCB1,CHEMATDMROPA7,SENTHIL KUMAR,TN30BC5982,551,,
,VCV00009180/082021,SPTEXROY12,OUTPUT SHAFT,Early,HOSHOSALLCCA3,HOSHOSALLCCA3,RAVI,KA22B0825,552,,
,VCV00007982/082021,SRTEXKOR96,RECTIFIER ASSY,Early,CHENETLUTCCA1,CHENETLUTCCA1,TAMIL,TN68F1722,553,,
,VCV00008455/082021,ARVEXNAM09,RA90 RECTIFIER (SA28 AL),Early,CHEORADMRCCB1,CHEMTADMROPA1,MUTHU,TN88A8905,554,,
,VCV00007914/082021,ESWEXNAM02,SOL. RELAY WITH CABLE ASSY,Early,CHEORADMRCCB1,CHEOARDMROPA1,MANI,TN88D1544,555,,
,VCV00008793/082021,ESWEXNAM02,SOLENOID ASSY,Early,CHEORADMRCCB1,CHEMATDMROPA7,SIVA,TN887661,556,,
,VCV00008396/082021,SUSEXMADL5,AUTO PARTS,Early,CHEORADMRCCB1,CHEMATDMROPA7,SURESH,TN12K5044,557,,
,VCV00009170/082021,SPTEXROY12,AUTO PARTS,Early,HOSHOSALLCCA3,HOSHOSALLCCA3,JAI,TN28AL5055,558,,
,VCV00007443/082021,ARVEXNAM09,AUTO PARTS,Early,CHEORADMRCCB1,CHEMATDMROPA7,SENTHIL KUMAR,TN88A6980,559,,
,VCV00009136/082021,KRIEXTHI01,AUTO PARTS,Early,CHEPUZTVSHUA1,CHEPUZTVSHUA1,MURUGAN,TN20BS8311,560,,
,VCV00008520/082021,VJLEXSHE09,IUT PART,Early,CHEORADMRCCB1,CHEMATDMROPA7,VASANTH,TN30BB0534,561,,
,VCV00009087/082021,SRTEXKOR96,AUTO PARTS,Early,CHEPADLUTCCA1,CHENETLUTCCA1,VASUDEVAN,TN18AB5514,562,,
,VCV00008988/082021,SRTEXKOR96,SPINDLE ASSY,Early,CHEPONLUTCCA4,CHEPADLUTCCA1,KEASAVAN,TN02AS5679,563,,
,VCV00009082/082021,SPTEXROY12,AUTO PARTS,Early,HOSHOSALLCCA3,HOSHOSALLCCA3,MANI,TN52Y0785,564,,
,VCV00009062/082021,SPTEXROY12,AUTO PARTS,Early,HOSHOSALLCCA3,HOSHOSALLCCA3,KAMAL,TN28AL5055,565,,
,VCV00009070/082021,SPTEXROY12,AUTO PARTS,Early,HOSHOSALLCCA3,HOSHOSALLCCA3,MANI,KA22B0825,566,,
,VCV00009073/082021,SPTEXROY12,AUTO PARTS,Early,HOSHOSALLCCA3,HOSHOSALLCCA3,MURALI,TN70J0495,567,,
,VCV00008876/082021,NSAEXNAMDZ,AUTO PARTS,Early,CHEORADMRCCB1,CHEMTADMROPA1,SUDHAKAR,TN88D4134,568,,
,VCV00008732/082021,ARVEXNAM09,COVER PLATE & BRUSH BOX ASSY,Early,CHEORADMRCCB1,CHEMATDMROPA7,RAMKUMAR,TN28AQ0975,569,,
,VCV00008669/082021,VJLEXSHE09,3RU RECTIFIER ASSY,Early,CHEORADMRCCB1,CHEMATDMROPA7,RAVI,TN30BJ0957,570,,
,VCV00008953/082021,SPTEXROY12,WIPER MOTOR ASSY - MOD ACE,Early,HOSHOSALLCCA3,HOSHOSALLCCA3,RAVI,TN60F9702,571,,
,VCV00008960/082021,SPTEXROY12,SOLENOID ASSEMBLY,Early,HOSHOSALLCCA3,HOSHOSALLCCA3,RAVI,TN28AL5055,572,,
,VCV00008979/082021,SPTEXROY12,SOLENOID RELAY WITH CABLE ASSY,Early,HOSHOSALLCCA3,HOSHOSALLCCA3,BALA,TN283256,573,,
,VCV00008855/082021,VJLEXSHE09,SOLENOID ASSEMBLY,Early,CHEORADMRCCB1,CHEMATDMROPA7,ANBU,TN30BB1036,574,,
,VCV00008955/082021,SPTEXROY12,SOL SWITCH ASSY - 39S,Early,HOSHOSALLCCA3,HOSHOSALLCCA3,RAVI,TN60F8519,575,,
,VCV00008517/082021,ARVEXNAM09,SWITCH ASSY WTIH RELAY-9M14,Early,CHEORADMRCCB1,CHEMTADMROPA1,RAMKUMAR,TN88C8932,576,,
,VCV00007987/082021,SRTEXKOR96,3RU RECTIFIER ASSY,Early,CHEPADLUTCCA1,CHENETLUTCCA1,VASUDEVAN,TN25M8075,577,,
,VCV00008540/082021,SRTEXKOR96,EMPTY FOAM,Early,CHEPADLUTCCA1,CHENETLUTCCA1,VASUDEVAN,TN73AB7106,578,,
,VCV00008582/082021,SRTEXKOR96,EMPTY TRAYS,Early,CHEPADLUTCCA1,CHENETLUTCCA1,KESAVAN,TN02AS5679,579,,
,VCV00008799/082021,NSAEXNAMDZ,SOLENOID SWITCH ASSY - 39,Early,CHEORADMRCCB1,CHEMTADMROPA1,SUDHAKAR,TN88D4133,580,,
,VCV00008895/082021,ARVEXNAM09,SOLENOID ASSY,Early,CHEORADMRCCB1,CHEMATDMROPA7,SENTHIL KUMAR,TN889013,581,,
,VCV00008868/082021,ESWEXNAM02,SWITCH ASSY (FINAL) -HD10,Early,CHEORADMRCCB1,CHEMTADMROPA1,ELANGO,TN88C8632,582,,
,VCV00008405/082021,VJLEXSHE09,5SW60WIPERMOTOR 307T AL NISSAN,Early,CHEORADMRCCB1,CHEMATDMROPA7,RAMESH,TN30BC5917,583,,
,AEIBK2024827,73368,AUTO PARTS,Delay,CHEMADSCTCCA2,HOSMYSTMCCCA1,Krishnakumar A,TN58AQ5862,584,,
,VCV00008136/082021,SUSEXMADL5,ZB ELECTRICAL WIRING HARNESS / LABEL CAB,Early,CHEORADMRCCB1,CHEMATDMROPA7,N.ELUMALAI,TN12AB9253,585,,
,MVCV0000704/082021,AVTEXMADNJ,STICKER / DO NOT STEP ON,Delay,CHEENNALLCCA1,HOSCHAALLCCA2,NA,TN21R2077,586,,
,VCV00008350/082021,VJLEXSHE09,COOLANT PIPE / ATS/COOLANT OUT,Early,CHEORADMRCCB1,CHEMATDMROPA7,ANBU,TN30BB1036,587,,
,VCV00006504/082021,BRIEXMINK3,COMPRESSED AIR LINE / COMPRESSOR OUTLET/,Delay,HOSHOSALLCCA3,CHEPUZTVSHUA1,RAJA,KA51C6972,588,,
,VCV00006725/082021,NCREXMUGZ9,LU OIL FILTER / MDT,Delay,HOSHOSALLCCA3,CHEPUZTVSHUA1,RAGU,TN73F4927,589,,
,VCV00008531/082021,NSAEXNAMDZ,SL WASHER SPRING M16,Early,CHEORADMRCCB1,CHEMATDMROPA7,KUMARAN,TN88D3900,590,,
,VCV00008777/082021,SPTEXROY12,Empty CB,Early,HOSHOSALLCCA3,HOSHOSALLCCA3,GURU,TN60F8519,591,,
,VCV00008782/082021,SPTEXROY12,AUTO PARTS,Early,HOSHOSALLCCA3,HOSHOSALLCCA3,HARI,KA22B0825,592,,
,VCV00008507/082021,ESWEXNAM02,ADAPTOR-COM INLET,Early,CHEORADMRCCB1,CHEMATDMROPA7,SIVA,TN887661,593,,
,VCV00008775/082021,SPTEXROY12,TOW PIN - 1611 ECOMET,Early,HOSHOSALLCCA3,HOSHOSALLCCA3,GURU,TN28AL5055,594,,
,VCV00008658/082021,SUSEXMADL5,LUCAR PLADE,Early,CHEORADMRCCB1,CHEMATDMROPA7,PATTABI,TN12C9762,595,,
,AEIBK2026042,67985,AUTO PARTS,Delay,CHEMADSCTCCA2,HOSMYSTMCCCA1,AKHALAK INAMDAR,TN59CE2657,596,,
,VCV00007734/082021,ARVEXNAM09,AUTO PARTS,Early,CHEORADMRCCB1,CHEMATDMROPA7,SATHIK BASHA,TN88D2104,597,,
,VCV00008125/082021,AMAEXSUN42,AUTO PARTS,Early,CHEMMNTFECCC3,CHEMMATFEOPA1,RAJA,TN18m5881,598,,
,VCV00008126/082021,AMAEXSUN42,LAMINATION,Early,CHEMMNTFECCC3,CHEMMATFEOPA1,RAJA,TN18s3838,599,,
,VCV00008371/082021,ARVEXNAM09,SOLENOID ASSY,Early,CHEORADMRCCB1,CHEMATDMROPA7,RAMKUMAR,TN28AQ0975,600,,
,AEIBK2026298,67985,SOLENOID RELAY WITH CABLE ASSY,Early,CHEMADSCTCCA2,HOSMYSTMCCCA1,CHELLAPANDI K,TN55AA0571,601,,
,VCV00008633/082021,NSAEXNAMDZ,AUTO PARTS,Early,CHEORADMRCCB1,CHEMTADMROPA1,SUDHAKAR,TN88D4133,602,,
,MVCV0000759/082021,AVTEXMATB9,rectifier,Delay,HOSSIPPVECCA8,CHEVICSDPCCA1,NA,KA51A7682,603,,
,MVCV0000761/082021,VIJEXHOSR7,RECTIFIER ASSEMBLY,Delay,CHEPUZTVSHUA1,HOSHOSALLCCA2,NA,TN24AS9634,604,,
,MVCV0000786/082021,SMAEXANNA4,REGULATOR & CONNECTOR MOULDING,Delay,CHEPADLUTCCA1,CHENETLUTCCA1,NA,TN58J2369,605,,
,VCV00008067/082021,SRTEXKOR96,AUTO PARTS,Early,CHENETLUTCCA1,CHENETLUTCCA1,PERUMAL,TN13M3641,606,,
,VCV00008341/082021,ESWEXNAM02,REINFORCEMENT-FRTBUMPSTOP,Early,CHEORADMRCCB1,CHEMATDMROPA7,GANESH,TN88A4980,607,,
,VCV00008634/082021,MMAEXWAL06,AUTO PARTS,Early,CHEPULTELCCA1,CHEPULTELCCA1,Mr.Vishnu,TN20S2311,608,,
,VCV00008525/082021,NSAEXNAMDZ,LUCAR PLADE,Early,CHEORADMRCCB1,CHEMTADMROPA1,SUDHAKAR,TN88D4134,609,,
,VCV00007972/082021,VJLEXSHE09,EMPTY FOAM,Early,CHEORADMRCCB1,CHEMATDMROPA7,MURUGAN,TN30BD0285,610,,
,VCV00007986/082021,SRTEXKOR96,EMPTY FOAM,Early,CHEPADLUTCCA1,CHENETLUTCCA1,VASUDEVAN,TN02AS5679,611,,
,VCV00008510/082021,BALEXAMB18,EMPTY TRAYS,Early,CHEAMBWABCCA1,HOSLALWABWHA2,ram,TN20BV6187,612,,
,AEIBK2025511,67985,AUTO PARTS,Delay,CHEMADSCTCCA2,HOSMYSTMCCCA1,CHELLAPANDI K,TN55AA0571,613,,
,AEIBK2025304,67796,AUTO PARTS,Delay,CHEMADSCTCCA2,HOSMYSTMCCCA1,MOHHD SOHAIL,TN59BR9672,614,,
,VCV00008191/082021,NSAEXNAMDZ,AUTO PARTS,Early,CHEORADMRCCB1,CHEMATDMROPA7,KUMARAN,TN88D3900,615,,
,MVCV0000965/082021,SGTEXTVS05,Empty trays,Early,HOSHARTMCCCA1,CHEPUZTVSHUA1,NA,KA14A0338,616,,
,AEIBK2025571,68007,Empty trays,Delay,CHEMADSCTCCA2,HOSMYSTMCCCA1,KANNAN N,TN28AP6935,617,,
