BookingID,customerID,Refined.Fixed Costs,BookingID_Date,Planned_ETA,actual_eta,Status,Refined.condition_text,RouteID
MVCV0000927/082021,ALLEXCHE45,10502.59517,8/17/2020 14:59,8/21/2020 18:59,8/28/2020 14:38,Delay,Partly cloudy,
VCV00014271/082021,DMREXCHEUX,6092.156655,8/27/2020 16:22,8/31/2020 20:22,8/28/2020 12:46,Early,Sunny,
VCV00014382/082021,LUTGCCHE06,11930.90331,8/27/2020 17:59,8/31/2020 21:59,8/28/2020 16:03,Early,cloudy ,
VCV00014743/082021,DMREXCHEUX,7428.016155,8/28/2020 0:48,9/1/2020 4:48,8/28/2020 12:50,Early,Cloudy,
VCV00014744/082021,LUTGCCHE06,6735.388638,8/28/2020 1:23,9/1/2020 5:23,8/28/2020 14:22,Early,Cloudy,
VCV00014749/082021,DMREXCHEUX,7064.379138,8/28/2020 2:14,9/1/2020 6:14,8/28/2020 13:25,Early,Cloudy,
VCV00014750/082021,DMREXCHEUX,6981.433638,8/28/2020 2:20,9/1/2020 6:20,8/28/2020 17:38,Early,Mist,
VCV00014812/082021,DMREXCHEUX,6770.098638,8/28/2020 9:22,9/1/2020 13:22,8/28/2020 12:49,Early,Sunny,
MVCV0001769/082021,ALLEXCHE45,10154.43917,8/28/2020 9:38,9/1/2020 13:38,8/28/2020 15:00,Early,Sunny,
VCV00014665/082021,DMREXCHEUX,6949.231638,8/27/2020 22:27,9/1/2020 2:27,8/28/2020 12:46,Early,Mist,
VCV00014745/082021,DMREXCHEUX,10792.35917,8/28/2020 1:35,9/1/2020 5:35,8/28/2020 12:50,Early,Partly cloudy,
VCV00014866/082021,ALLEXCHE45,7218.480138,8/28/2020 10:16,9/1/2020 14:16,8/28/2020 15:43,Early,Patchy rain possible,
VCV00014879/082021,DMREXCHEUX,5184.415638,8/28/2020 10:26,9/1/2020 14:26,8/28/2020 12:53,Early,Partly cloudy,
VCV00014872/082021,DMREXCHEUX,7143.304905,8/28/2020 10:23,9/1/2020 14:23,8/28/2020 12:50,Early,Overcast,
VCV00014554/082021,DMREXCHEUX,7160.476638,8/27/2020 20:34,9/1/2020 0:34,8/28/2020 12:46,Early,Partly cloudy,
VCV00014571/082021,LUTGCCHE06,8168.40024,8/27/2020 20:50,9/1/2020 0:50,8/28/2020 13:06,Early,Sunny,
VCV00014582/082021,DMREXCHEUX,6574.736655,8/27/2020 21:00,9/1/2020 1:00,8/28/2020 12:48,Early,Mist,
VCV00014600/082021,LUTGCCHE06,7212.140655,8/27/2020 21:14,9/1/2020 1:14,8/28/2020 12:56,Early,Partly cloudy,
VCV00014753/082021,DMREXCHEUX,7023.411138,8/28/2020 3:09,9/1/2020 7:09,8/28/2020 12:48,Early,Partly cloudy,
VCV00014902/082021,DMREXCHEUX,10464.81767,8/28/2020 10:54,9/1/2020 14:54,8/28/2020 12:49,Early,Sunny,
VCV00015028/082021,DMREXCHEUX,6387.821655,8/28/2020 12:04,9/1/2020 16:04,8/28/2020 12:49,Early,Sunny,
VCV00014886/082021,ALLEXCHE45,12185.00331,8/28/2020 10:30,9/1/2020 14:30,8/28/2020 12:51,Early,Patchy rain possible,
VCV00014888/082021,TFEEXCHETB,6381.563655,8/28/2020 10:30,9/1/2020 14:30,8/28/2020 12:53,Early,Sunny,
VCV00014914/082021,DMREXCHEUX,7768.326135,8/28/2020 11:01,9/1/2020 15:01,8/28/2020 12:48,Early,Mist,
VCV00014931/082021,DMREXCHEUX,7097.769138,8/28/2020 11:12,9/1/2020 15:12,8/28/2020 13:02,Early,Sunny,
VCV00014983/082021,DMREXCHEUX,6788.083638,8/28/2020 11:42,9/1/2020 15:42,8/28/2020 12:49,Early,Overcast,
VCV00014984/082021,DMREXCHEUX,6573.898638,8/28/2020 11:43,9/1/2020 15:43,8/28/2020 12:49,Early,Sunny,
VCV00014991/082021,DMREXCHEUX,10116.66167,8/28/2020 11:49,9/1/2020 15:49,8/28/2020 13:13,Early,Sunny,
VCV00012634/082021,LUTGCCHE06,6826.674138,8/25/2020 17:31,8/29/2020 21:31,8/28/2020 12:55,Early,Patchy rain possible,
VCV00012746/082021,DMREXCHEUX,10754.58167,8/25/2020 20:57,8/30/2020 0:57,8/28/2020 12:48,Early,Cloudy,
VCV00012911/082021,LUTGCCHE06,7468.455138,8/26/2020 10:09,8/30/2020 14:09,8/28/2020 16:03,Early,Partly cloudy,
VCV00012946/082021,DMREXCHEUX,7710.085635,8/26/2020 10:46,8/30/2020 14:46,8/28/2020 12:46,Early,Cloudy,
MVCV0001572/082021,ALLEXCHE45,7259.981655,8/26/2020 11:19,8/30/2020 15:19,8/28/2020 12:58,Early,Patchy rain possible,
VCV00013052/082021,DMREXCHEUX,7683.136635,8/26/2020 11:51,8/30/2020 15:51,8/28/2020 12:47,Early,Sunny,
VCV00013197/082021,DMREXCHEUX,7344.79524,8/26/2020 14:27,8/30/2020 18:27,8/28/2020 12:50,Early,Sunny,
MVCV0001605/082021,ALLEXCHE45,6672.566655,8/26/2020 17:06,8/30/2020 21:06,8/28/2020 12:59,Early,Mist,
MVCV0001598/082021,LUTGCCHE06,7062.140655,8/26/2020 16:20,8/30/2020 20:20,8/28/2020 13:25,Early,Mist,
VCV00013648/082021,DMREXCHEUX,6873.298638,8/26/2020 20:46,8/31/2020 0:46,8/28/2020 12:46,Early,Partly cloudy,
VCV00013650/082021,DMREXCHEUX,10171.41017,8/26/2020 20:56,8/31/2020 0:56,8/28/2020 17:14,Early,Cloudy,
VCV00013716/082021,DMREXCHEUX,12557.19831,8/26/2020 22:32,8/31/2020 2:32,8/28/2020 12:48,Early,Partly cloudy,
VCV00013890/082021,ALLEXCHE45,7325.588655,8/27/2020 11:27,8/31/2020 15:27,8/28/2020 18:48,Early,Sunny,
VCV00013840/082021,LUTGCCHE06,7768.326135,8/27/2020 10:09,8/31/2020 14:09,8/28/2020 13:08,Early,Patchy rain possible,
VCV00013803/082021,DMREXCHEUX,7381.126638,8/27/2020 8:57,8/31/2020 12:57,8/28/2020 12:48,Early,Sunny,
VCV00013914/082021,DMREXCHEUX,6592.753638,8/27/2020 11:49,8/31/2020 15:49,8/28/2020 14:18,Early,Sunny,
MVCV0001683/082021,ALLEXCHE45,7108.281138,8/27/2020 15:23,8/31/2020 19:23,8/28/2020 12:58,Early,Patchy rain possible,
VCV00014179/082021,DMREXCHEUX,9823.254165,8/27/2020 15:33,8/31/2020 19:33,8/28/2020 17:49,Early,Cloudy,
VCV00014639/082021,LUTGCCHE06,7103.386638,8/27/2020 21:51,9/1/2020 1:51,8/28/2020 13:07,Early,Patchy rain possible,
VCV00014742/082021,LUTGCCHE06,10461.17417,8/28/2020 0:34,9/1/2020 4:34,8/28/2020 15:50,Early,Patchy rain possible,
VCV00014116/082021,DMREXCHEUX,7599.243135,8/27/2020 15:07,8/31/2020 19:07,8/28/2020 12:49,Early,Sunny,
VCV00014136/082021,ALLEXCHE45,7218.480138,8/27/2020 15:14,8/31/2020 19:14,8/28/2020 16:16,Early,Partly cloudy,
VCV00014160/082021,DMREXCHEUX,7135.871655,8/27/2020 15:23,8/31/2020 19:23,8/28/2020 17:44,Early,Sunny,
VCV00014729/082021,LUTGCCHE06,7722.909135,8/27/2020 23:30,9/1/2020 3:30,8/28/2020 15:53,Early,Patchy rain possible,
MVCV0001782/082021,ALLEXCHE45,8025.61524,8/28/2020 9:46,9/1/2020 13:46,8/28/2020 12:54,Early,Sunny,
MVCV0001783/082021,ALLEXCHE45,7058.951655,8/28/2020 9:48,9/1/2020 13:48,8/28/2020 12:54,Early,Sunny,
VCV00014847/082021,DMREXCHEUX,7512.140655,8/28/2020 9:59,9/1/2020 13:59,8/28/2020 13:09,Early,Sunny,
AEIBK2027618,ALLEXCHE45,7460.488638,8/26/2020 18:39,8/30/2020 22:39,8/28/2020 12:52,Early,Sunny,
AEIBK2027593,SCTGCMAD13,10502.72267,8/25/2020 13:21,8/29/2020 17:21,8/28/2020 12:56,Early,Sunny,
AEIBK2027507,ALLEXCHE45,7619.206155,8/26/2020 14:58,8/30/2020 18:58,8/28/2020 13:46,Early,Patchy rain possible,
AEIBK2027326,SCTGCMAD13,6712.198638,8/25/2020 13:21,8/29/2020 17:21,8/28/2020 12:56,Early,Sunny,
AEIBK2027412,SCTGCMAD13,10154.56667,8/25/2020 13:21,8/29/2020 17:21,8/28/2020 12:58,Early,Patchy rain possible,
AEIBK2027834,LUTGCCHE06,7372.991655,8/27/2020 19:41,8/31/2020 23:41,8/28/2020 13:42,Early,Patchy rain possible,
AEIBK2027847,SCTGCMAD13,7268.761638,8/27/2020 10:44,8/31/2020 14:44,8/28/2020 17:21,Early,Patchy rain possible,
AEIBK2027817,SCTGCMAD13,6811.091655,8/22/2020 14:47,8/26/2020 18:47,8/28/2020 15:21,Delay,Patchy rain possible,
AEIBK2027702,SCTGCMAD13,6346.858155,8/23/2020 12:46,8/27/2020 16:46,8/28/2020 17:54,Delay,Patchy rain possible,
AEIBK2027512,ALLEXCHE45,7785.718635,8/26/2020 15:03,8/30/2020 19:03,8/28/2020 12:52,Early,Patchy rain possible,
AEIBK2027091,SCTGCMAD13,7206.526638,8/23/2020 12:46,8/27/2020 16:46,8/28/2020 21:13,Delay,Patchy rain possible,
AEIBK2027033,SCTGCMAD13,6506.878638,8/22/2020 14:47,8/26/2020 18:47,8/28/2020 12:56,Delay,Mist,
VCV00014153/082021,DMREXCHEUX,7644.528135,8/27/2020 15:21,8/31/2020 19:21,8/28/2020 12:13,Early,Sunny,
VCV00014063/082021,DMREXCHEUX,7293.480138,8/27/2020 14:22,8/31/2020 18:22,8/28/2020 11:33,Early,Partly cloudy,
VCV00014741/082021,DMREXCHEUX,7342.751655,8/28/2020 0:32,9/1/2020 4:32,8/28/2020 11:31,Early,Partly cloudy,
AEIBK2027346,ALLEXCHE45,6884.401638,8/25/2020 15:45,8/29/2020 19:45,8/28/2020 11:45,Early,Cloudy,
VCV00014113/082021,DMREXCHEUX,8051.91024,8/27/2020 15:05,8/31/2020 19:05,8/28/2020 11:04,Early,Partly cloudy,
VCV00013971/082021,DMREXCHEUX,8467.62024,8/27/2020 12:57,8/31/2020 16:57,8/28/2020 10:48,Early,Cloudy,
MVCV0001571/082021,ALLEXCHE45,7077.831138,8/26/2020 11:17,8/30/2020 15:17,8/28/2020 10:35,Early,Cloudy,
VCV00013034/082021,ALLEXCHE45,9109.192665,8/26/2020 11:35,8/30/2020 15:35,8/28/2020 10:20,Early,Partly cloudy,
MVCV0001604/082021,ALLEXCHE45,11419.56081,8/26/2020 17:04,8/30/2020 21:04,8/28/2020 12:17,Early,Partly cloudy,
VCV00013841/082021,DMREXCHEUX,7562.828655,8/27/2020 10:09,8/31/2020 14:09,8/28/2020 10:13,Early,Patchy rain possible,
VCV00014096/082021,DMREXCHEUX,7782.238635,8/27/2020 14:52,8/31/2020 18:52,8/28/2020 9:46,Early,Patchy rain possible,
VCV00013818/082021,TFEEXCHETB,7245.721638,8/27/2020 9:26,8/31/2020 13:26,8/28/2020 9:53,Early,Sunny,
VCV00013819/082021,TFEEXCHETB,6825.036138,8/27/2020 9:27,8/31/2020 13:27,8/28/2020 9:45,Early,Sunny,
VCV00014017/082021,DMREXCHEUX,6087.388638,8/27/2020 13:37,8/31/2020 17:37,8/28/2020 9:50,Early,Patchy rain possible,
VCV00014735/082021,DMREXCHEUX,6280.921638,8/27/2020 23:39,9/1/2020 3:39,8/28/2020 6:34,Early,Partly cloudy,
VCV00014755/082021,LUTGCCHE06,9398.956665,8/28/2020 3:58,9/1/2020 7:58,8/28/2020 6:17,Early,Partly cloudy,
VCV00014647/082021,LUTGCCHE06,6734.471655,8/27/2020 21:55,9/1/2020 1:55,8/28/2020 3:32,Early,Patchy rain possible,
VCV00013531/082021,DMREXCHEUX,8087.365635,8/26/2020 18:36,8/30/2020 22:36,8/28/2020 3:52,Early,Partly cloudy,
VCV00012819/082021,DMREXCHEUX,7866.427635,8/25/2020 23:33,8/30/2020 3:33,8/28/2020 2:27,Early,Sunny,
VCV00013919/082021,DMREXCHEUX,7309.354155,8/27/2020 11:51,8/31/2020 15:51,8/28/2020 2:04,Early,Partly cloudy,
VCV00014549/082021,DMREXCHEUX,7793.446635,8/27/2020 20:20,9/1/2020 0:20,8/28/2020 1:34,Early,Patchy rain possible,
VCV00013912/082021,DMREXCHEUX,7188.996138,8/27/2020 11:48,8/31/2020 15:48,8/28/2020 0:34,Early,Partly cloudy,
VCV00014739/082021,DMREXCHEUX,10838.94767,8/28/2020 0:21,9/1/2020 4:21,8/28/2020 0:39,Early,Partly cloudy,
VCV00013896/082021,DMREXCHEUX,10963.078,8/27/2020 11:36,8/31/2020 15:36,8/27/2020 23:34,Early,Sunny,
VCV00014144/082021,DMREXCHEUX,7473.908655,8/27/2020 15:18,8/31/2020 19:18,8/27/2020 20:33,Early,Sunny,
VCV00013407/082021,DMREXCHEUX,7785.208635,8/26/2020 16:12,8/30/2020 20:12,8/27/2020 19:04,Early,Partly cloudy,
VCV00014242/082021,LUTGCCHE06,6644.619138,8/27/2020 15:58,8/31/2020 19:58,8/27/2020 18:47,Early,Partly cloudy,
VCV00014085/082021,LUTGCCHE06,7170.531138,8/27/2020 14:46,8/31/2020 18:46,8/27/2020 18:17,Early,Sunny,
VCV00014110/082021,LUTGCCHE06,10299.41417,8/27/2020 15:01,8/31/2020 19:01,8/27/2020 21:00,Early,Mist,
MVCV0001593/082021,PVEEXHOS12,6439.014138,8/26/2020 15:54,8/30/2020 19:54,8/27/2020 17:35,Early,Sunny,
VCV00014268/082021,ALLEXCHE45,7293.480138,8/27/2020 16:20,8/31/2020 20:20,8/27/2020 16:35,Early,Sunny,
VCV00014250/082021,ALLEXCHE45,7649.52774,8/27/2020 16:12,8/31/2020 20:12,8/27/2020 16:21,Early,Sunny,
VCV00014252/082021,ALLEXCHE45,7263.38424,8/27/2020 16:14,8/31/2020 20:14,8/27/2020 16:19,Early,Sunny,
VCV00013502/082021,DMREXCHEUX,6878.841138,8/26/2020 18:06,8/30/2020 22:06,8/27/2020 16:15,Early,Sunny,
VCV00013903/082021,DMREXCHEUX,10141.7101,8/27/2020 11:43,8/31/2020 15:43,8/27/2020 16:16,Early,Sunny,
VCV00013399/082021,ALLEXCHE45,10891.693,8/26/2020 16:04,8/30/2020 20:04,8/27/2020 16:22,Early,Sunny,
VCV00012744/082021,DMREXCHEUX,8355.57474,8/25/2020 20:54,8/30/2020 0:54,8/27/2020 15:16,Early,Sunny,
VCV00014106/082021,DMREXCHEUX,7635.698603,8/27/2020 14:58,8/31/2020 18:58,8/27/2020 15:03,Early,Sunny,
VCV00013467/082021,ALLEXCHE45,6818.502068,8/26/2020 17:19,8/30/2020 21:19,8/27/2020 20:18,Early,Mist,
VCV00013476/082021,DMREXCHEUX,6984.1586,8/26/2020 17:26,8/30/2020 21:26,8/27/2020 15:00,Early,Sunny,
VCV00013581/082021,DMREXCHEUX,6749.097068,8/26/2020 19:49,8/30/2020 23:49,8/27/2020 14:49,Early,Mist,
VCV00013844/082021,ALLEXCHE45,10395.4201,8/27/2020 10:18,8/31/2020 14:18,8/27/2020 19:49,Early,Mist,
VCV00012298/082021,DMREXCHEUX,7483.4246,8/25/2020 13:26,8/29/2020 17:26,8/27/2020 16:26,Early,Sunny,
VCV00012048/082021,ALLEXCHE45,7861.994603,8/25/2020 10:11,8/29/2020 14:11,8/27/2020 16:34,Early,Sunny,
VCV00005971/082021,PVEEXHOS12,6955.084568,8/13/2020 14:41,8/17/2020 18:41,8/27/2020 17:37,Delay,Sunny,
VCV00014052/082021,LUTGCCHE06,8264.94474,8/27/2020 14:12,8/31/2020 18:12,8/27/2020 14:38,Early,Mist,
VCV00013612/082021,LUTGCCHE06,8189.44674,8/26/2020 20:20,8/31/2020 0:20,8/27/2020 14:37,Early,Sunny,
VCV00013657/082021,LUTGCCHE06,6117.1211,8/26/2020 21:08,8/31/2020 1:08,8/27/2020 14:37,Early,Partly cloudy,
AEIBK2027198,ALLEXCHE45,9544.612598,8/24/2020 15:45,8/28/2020 19:45,8/27/2020 17:42,Early,Sunny,
VCV00013880/082021,DMREXCHEUX,11173.048,8/27/2020 11:09,8/31/2020 15:09,8/27/2020 13:49,Early,Sunny,
MVCV0001590/082021,PVEEXHOS12,8394.94974,8/26/2020 15:31,8/30/2020 19:31,8/27/2020 19:29,Early,Sunny,
VCV00013790/082021,LUTGCCHE06,7573.021103,8/27/2020 0:46,8/31/2020 4:46,8/27/2020 16:29,Early,Sunny,
VCV00013537/082021,DMREXCHEUX,7101.822068,8/26/2020 18:50,8/30/2020 22:50,8/27/2020 12:46,Early,Sunny,
AEIBK2027566,SCTGCMAD13,6756.6686,8/26/2020 16:15,8/30/2020 20:15,8/27/2020 13:04,Early,Patchy rain possible,
VCV00013217/082021,DMREXCHEUX,6796.534568,8/26/2020 14:40,8/30/2020 18:40,8/27/2020 12:33,Early,Patchy rain possible,
AEIBK2026827,SCTGCMAD13,9416.557598,8/20/2020 14:12,8/24/2020 18:12,8/27/2020 15:21,Delay,Patchy rain possible,
AEIBK2027445,ALLEXCHE45,7530.007103,8/26/2020 9:56,8/30/2020 13:56,8/27/2020 17:51,Early,Sunny,
VCV00013789/082021,DMREXCHEUX,7074.664568,8/27/2020 0:40,8/31/2020 4:40,8/27/2020 12:04,Early,Patchy rain possible,
VCV00013909/082021,ALLEXCHE45,8529.63474,8/27/2020 11:46,8/31/2020 15:46,8/27/2020 12:24,Early,Patchy rain possible,
VCV00013913/082021,ALLEXCHE45,7763.26674,8/27/2020 11:49,8/31/2020 15:49,8/27/2020 12:04,Early,Mist,
VCV00013935/082021,ALLEXCHE45,6976.3211,8/27/2020 11:59,8/31/2020 15:59,8/27/2020 12:18,Early,Mist,
AEIBK2027508,ALLEXCHE45,9162.847598,8/26/2020 14:58,8/30/2020 18:58,8/27/2020 12:04,Early,Patchy rain possible,
VCV00013891/082021,DMREXCHEUX,11499.9055,8/27/2020 11:29,8/31/2020 15:29,8/27/2020 11:33,Early,Sunny,
MVCV0000707/082021,ALLEXCHE45,8955.17724,8/13/2020 10:30,8/17/2020 14:30,8/27/2020 16:04,Delay,Sunny,
VCV00013584/082021,DMREXCHEUX,7785.061103,8/26/2020 19:53,8/30/2020 23:53,8/27/2020 11:41,Early,Sunny,
VCV00013540/082021,DMREXCHEUX,7528.752068,8/26/2020 19:08,8/30/2020 23:08,8/27/2020 11:19,Early,Sunny,
VCV00013885/082021,ALLEXCHE45,7297.7186,8/27/2020 11:14,8/31/2020 15:14,8/27/2020 11:19,Early,Patchy rain possible,
VCV00013878/082021,ALLEXCHE45,8039.689568,8/27/2020 11:06,8/31/2020 15:06,8/27/2020 11:20,Early,Sunny,
VCV00012994/082021,DMREXCHEUX,10443.7651,8/26/2020 11:18,8/30/2020 15:18,8/27/2020 11:55,Early,Sunny,
VCV00013205/082021,DMREXCHEUX,7821.434603,8/26/2020 14:33,8/30/2020 18:33,8/27/2020 11:28,Early,Sunny,
VCV00013867/082021,ALLEXCHE45,7137.762068,8/27/2020 10:51,8/31/2020 14:51,8/27/2020 11:05,Early,Mist,
VCV00013872/082021,ALLEXCHE45,9079.66224,8/27/2020 10:58,8/31/2020 14:58,8/27/2020 11:08,Early,Sunny,
VCV00013873/082021,ALLEXCHE45,7763.26674,8/27/2020 10:58,8/31/2020 14:58,8/27/2020 11:08,Early,Sunny,
VCV00013300/082021,ALLEXCHE45,7325.9036,8/26/2020 15:13,8/30/2020 19:13,8/27/2020 11:07,Early,Mist,
VCV00013829/082021,DMREXCHEUX,11577,8/27/2020 9:49,8/31/2020 13:49,8/27/2020 10:20,Early,Sunny,
VCV00013534/082021,DMREXCHEUX,17949.45,8/26/2020 18:40,8/30/2020 22:40,8/27/2020 10:01,Early,Sunny,
VCV00013659/082021,LUTGCCHE06,14611.5,8/26/2020 21:09,8/31/2020 1:09,8/27/2020 12:57,Early,Mist,
VCV00013673/082021,LUTGCCHE06,13734.3,8/26/2020 21:27,8/31/2020 1:27,8/27/2020 12:58,Early,Sunny,
VCV00012870/082021,TFEEXCHETB,13693.5,8/26/2020 9:12,8/30/2020 13:12,8/27/2020 9:15,Early,Sunny,
VCV00012871/082021,TFEEXCHETB,8677.65,8/26/2020 9:12,8/30/2020 13:12,8/27/2020 9:23,Early,Sunny,
VCV00011937/082021,DMREXCHEUX,11260.8,8/25/2020 0:13,8/29/2020 4:13,8/27/2020 8:46,Early,Sunny,
VCV00013779/082021,LUTGCCHE06,19714.05,8/26/2020 23:45,8/31/2020 3:45,8/27/2020 7:16,Early,Sunny,
VCV00013490/082021,DMREXCHEUX,19604.4,8/26/2020 17:44,8/30/2020 21:44,8/27/2020 6:49,Early,Mist,
VCV00013678/082021,LUTGCCHE06,19357.05,8/26/2020 21:40,8/31/2020 1:40,8/27/2020 4:17,Early,Sunny,
VCV00011938/082021,DMREXCHEUX,15692.7,8/25/2020 0:26,8/29/2020 4:26,8/27/2020 2:18,Early,Sunny,
VCV00013783/082021,LUTGCCHE06,18768,8/26/2020 23:51,8/31/2020 3:51,8/27/2020 0:32,Early,Sunny,
VCV00013765/082021,LUTGCCHE06,16960.05,8/26/2020 23:28,8/31/2020 3:28,8/27/2020 3:43,Early,Sunny,
VCV00013634/082021,DMREXCHEUX,8412.45,8/26/2020 20:31,8/31/2020 0:31,8/27/2020 0:19,Early,Sunny,
VCV00013291/082021,DMREXCHEUX,14517.15,8/26/2020 15:06,8/30/2020 19:06,8/27/2020 0:15,Early,Patchy rain possible,
VCV00012556/082021,DMREXCHEUX,15241.35,8/25/2020 16:41,8/29/2020 20:41,8/27/2020 1:16,Early,Light rain shower,
VCV00012749/082021,DMREXCHEUX,17832.15,8/25/2020 20:59,8/30/2020 0:59,8/26/2020 22:18,Early,Sunny,
VCV00012814/082021,DMREXCHEUX,12979.5,8/25/2020 23:11,8/30/2020 3:11,8/26/2020 21:19,Early,Partly cloudy,
VCV00011918/082021,LUTGCCHE06,8407.35,8/24/2020 22:44,8/29/2020 2:44,8/27/2020 0:26,Early,Patchy rain possible,
VCV00011501/082021,DMREXCHEUX,14930.25,8/24/2020 14:12,8/28/2020 18:12,8/27/2020 1:43,Early,Patchy rain possible,
VCV00012663/082021,LUTGCCHE06,12336.9,8/25/2020 18:14,8/29/2020 22:14,8/27/2020 0:09,Early,Mist,
VCV00013464/082021,DMREXCHEUX,13665.45,8/26/2020 17:12,8/30/2020 21:12,8/26/2020 21:06,Early,Patchy rain possible,
VCV00012662/082021,DMREXCHEUX,11347.5,8/25/2020 18:14,8/29/2020 22:14,8/26/2020 21:01,Early,Sunny,
VCV00012833/082021,DMREXCHEUX,19484.55,8/26/2020 7:38,8/30/2020 11:38,8/26/2020 21:11,Early,Mist,
VCV00012823/082021,DMREXCHEUX,15736.05,8/26/2020 0:19,8/30/2020 4:19,8/26/2020 20:47,Early,Patchy rain possible,
VCV00013315/082021,LUTGCCHE06,16212.9,8/26/2020 15:29,8/30/2020 19:29,8/26/2020 20:02,Early,Mist,
VCV00013137/082021,DMREXCHEUX,19984.35,8/26/2020 13:24,8/30/2020 17:24,8/26/2020 19:50,Early,Patchy rain possible,
VCV00012843/082021,DMREXCHEUX,13596.6,8/26/2020 8:17,8/30/2020 12:17,8/26/2020 19:35,Early,Patchy rain possible,
VCV00013481/082021,LUTGCCHE06,16146.6,8/26/2020 17:32,8/30/2020 21:32,8/26/2020 20:55,Early,Partly cloudy,
MVCV0001621/082021,TMCGCCHE05,12168.6,8/26/2020 18:18,8/30/2020 22:18,8/26/2020 23:36,Early,Cloudy,
VCV00013513/082021,DMREXCHEUX,17903.55,8/26/2020 18:23,8/30/2020 22:23,8/26/2020 20:10,Early,Light rain shower,
VCV00013323/082021,LUTGCCHE06,9289.65,8/26/2020 15:35,8/30/2020 19:35,8/26/2020 18:49,Early,Mist,
VCV00013401/082021,LUTGCCHE06,13193.7,8/26/2020 16:04,8/30/2020 20:04,8/26/2020 18:34,Early,Patchy rain possible,
VCV00013469/082021,WABGCCHE17,10633.5,8/26/2020 17:23,8/30/2020 21:23,8/27/2020 0:23,Early,Patchy rain possible,
VCV00013471/082021,WABGCCHE17,7808.1,8/26/2020 17:23,8/30/2020 21:23,8/27/2020 0:23,Early,Patchy rain possible,
VCV00013472/082021,WABGCCHE17,10331.66669,8/26/2020 17:24,8/30/2020 21:24,8/26/2020 19:16,Early,Patchy rain possible,
VCV00012054/082021,ALLEXCHE45,8918.339745,8/25/2020 10:15,8/29/2020 14:15,8/26/2020 22:34,Early,Mist,
AEIBK2027548,WABGCCHE17,7738.434135,8/26/2020 15:23,8/30/2020 19:23,8/26/2020 22:26,Early,Sunny,
VCV00013141/082021,DMREXCHEUX,7588.449495,8/26/2020 13:31,8/30/2020 17:31,8/26/2020 17:13,Early,Light rain shower,
VCV00012894/082021,DMREXCHEUX,7815.576135,8/26/2020 9:48,8/30/2020 13:48,8/26/2020 16:52,Early,Partly cloudy,
MVCV0001595/082021,ALLEXCHE45,7765.326135,8/26/2020 16:13,8/30/2020 20:13,8/26/2020 16:47,Early,Partly cloudy,
VCV00013425/082021,ALLEXCHE45,6742.513638,8/26/2020 16:28,8/30/2020 20:28,8/26/2020 16:34,Early,Partly cloudy,
VCV00012758/082021,DMREXCHEUX,7528.858635,8/25/2020 21:10,8/30/2020 1:10,8/26/2020 16:18,Early,Partly cloudy,
VCV00012830/082021,DMREXCHEUX,7431.204138,8/26/2020 2:20,8/30/2020 6:20,8/26/2020 16:18,Early,Partly cloudy,
VCV00013123/082021,DMREXCHEUX,7773.586635,8/26/2020 12:59,8/30/2020 16:59,8/26/2020 16:07,Early,Partly cloudy,
VCV00013324/082021,ALLEXCHE45,7820.034135,8/26/2020 15:36,8/30/2020 19:36,8/26/2020 15:51,Early,Partly cloudy,
VCV00013319/082021,ALLEXCHE45,10585.66169,8/26/2020 15:34,8/30/2020 19:34,8/26/2020 15:52,Early,Partly cloudy,
VCV00012151/082021,DMREXCHEUX,7085.160138,8/25/2020 11:15,8/29/2020 15:15,8/26/2020 15:35,Early,Partly cloudy,
VCV00011976/082021,DMREXCHEUX,10988.44122,8/25/2020 9:06,8/29/2020 13:06,8/26/2020 15:36,Early,Mist,
VCV00012716/082021,LUTGCCHE06,7051.809138,8/25/2020 19:54,8/29/2020 23:54,8/26/2020 15:25,Early,Partly cloudy,
VCV00013264/082021,ALLEXCHE45,7117.569138,8/26/2020 14:55,8/30/2020 18:55,8/26/2020 21:06,Early,Mist,
VCV00012741/082021,LUTGCCHE06,6929.844138,8/25/2020 20:51,8/30/2020 0:51,8/26/2020 15:56,Early,Mist,
VCV00013105/082021,DMREXCHEUX,8788.387245,8/26/2020 12:33,8/30/2020 16:33,8/26/2020 14:51,Early,Mist,
VCV00012625/082021,DMREXCHEUX,10583.85419,8/25/2020 17:25,8/29/2020 21:25,8/26/2020 14:36,Early,Mist,
VCV00011708/082021,DMREXCHEUX,8921.369745,8/24/2020 19:13,8/28/2020 23:13,8/26/2020 14:21,Early,Mist,
VCV00013182/082021,ALLEXCHE45,6652.749138,8/26/2020 14:14,8/30/2020 18:14,8/26/2020 14:23,Early,Patchy rain possible,
MVCV0001263/082021,ALLEXCHE45,7627.799745,8/21/2020 12:46,8/25/2020 16:46,8/26/2020 14:02,Delay,Patchy rain possible,
VCV00012880/082021,ALLEXCHE45,8209.671135,8/26/2020 9:30,8/30/2020 13:30,8/26/2020 19:23,Early,Patchy rain possible,
VCV00013069/082021,DMREXCHEUX,7845.733635,8/26/2020 12:11,8/30/2020 16:11,8/26/2020 13:18,Early,Sunny,
VCV00012879/082021,ALLEXCHE45,6900.381138,8/26/2020 9:27,8/30/2020 13:27,8/26/2020 18:41,Early,Patchy rain possible,
VCV00012322/082021,DMREXCHEUX,7602.028635,8/25/2020 13:43,8/29/2020 17:43,8/26/2020 12:36,Early,Patchy rain possible,
VCV00012119/082021,DMREXCHEUX,7500.099135,8/25/2020 10:59,8/29/2020 14:59,8/26/2020 12:36,Early,Partly cloudy,
MVCV0001535/082021,DMREXCHEUX,8135.544135,8/25/2020 20:47,8/30/2020 0:47,8/26/2020 12:07,Early,Patchy rain possible,
VCV00012240/082021,DMREXCHEUX,8253.204135,8/25/2020 12:30,8/29/2020 16:30,8/26/2020 11:48,Early,Mist,
VCV00012202/082021,DMREXCHEUX,10837.84919,8/25/2020 12:01,8/29/2020 16:01,8/26/2020 11:51,Early,Sunny,
VCV00012822/082021,DMREXCHEUX,7317.840138,8/25/2020 23:59,8/30/2020 3:59,8/26/2020 11:51,Early,Patchy rain possible,
VCV00012986/082021,ALLEXCHE45,11507.14872,8/26/2020 11:15,8/30/2020 15:15,8/26/2020 11:55,Early,Partly cloudy,
VCV00012960/082021,ALLEXCHE45,7108.134138,8/26/2020 10:57,8/30/2020 14:57,8/26/2020 12:00,Early,Sunny,
AEIBK2026859,ALLEXCHE45,7376.529138,8/21/2020 14:00,8/25/2020 18:00,8/26/2020 11:54,Delay,Sunny,
MVCV0001573/082021,ALLEXCHE45,7081.021638,8/26/2020 11:22,8/30/2020 15:22,8/26/2020 11:58,Early,Sunny,
VCV00012988/082021,ALLEXCHE45,9419.137245,8/26/2020 11:15,8/30/2020 15:15,8/26/2020 11:38,Early,Sunny,
AEIBK2026666,ALLEXCHE45,10347.64919,8/20/2020 14:11,8/24/2020 18:11,8/26/2020 12:40,Delay,Sunny,
AEIBK2027147,ALLEXCHE45,8707.619745,8/24/2020 11:56,8/28/2020 15:56,8/26/2020 11:40,Early,Sunny,
VCV00012965/082021,ALLEXCHE45,7532.559135,8/26/2020 11:02,8/30/2020 15:02,8/26/2020 11:25,Early,Patchy rain possible,
VCV00012966/082021,ALLEXCHE45,7766.679135,8/26/2020 11:03,8/30/2020 15:03,8/26/2020 11:22,Early,Partly cloudy,
VCV00012979/082021,ALLEXCHE45,7333.724746,8/26/2020 11:10,8/30/2020 15:10,8/26/2020 11:23,Early,Sunny,
VCV00012962/082021,ALLEXCHE45,7841.458635,8/26/2020 10:59,8/30/2020 14:59,8/26/2020 11:10,Early,Sunny,
VCV00011598/082021,DMREXCHEUX,8084.421135,8/24/2020 16:32,8/28/2020 20:32,8/26/2020 11:43,Early,Sunny,
VCV00011079/082021,DMREXCHEUX,7692.891135,8/22/2020 1:47,8/26/2020 5:47,8/26/2020 10:34,Delay,Sunny,
VCV00012896/082021,ALLEXCHE45,6726.208638,8/26/2020 9:55,8/30/2020 13:55,8/26/2020 10:21,Early,Sunny,
VCV00011590/082021,ALLEXCHE45,10601.64419,8/24/2020 16:18,8/28/2020 20:18,8/26/2020 13:19,Early,Sunny,
VCV00012862/082021,TFEEXCHETB,7590.487635,8/26/2020 8:59,8/30/2020 12:59,8/26/2020 9:02,Early,Sunny,
VCV00011992/082021,TFEEXCHETB,9293.767245,8/25/2020 9:22,8/29/2020 13:22,8/26/2020 8:48,Early,Sunny,
VCV00011993/082021,TFEEXCHETB,11684.60622,8/25/2020 9:23,8/29/2020 13:23,8/26/2020 8:48,Early,Sunny,
VCV00012731/082021,DMREXCHEUX,7213.486638,8/25/2020 20:39,8/30/2020 0:39,8/26/2020 8:06,Early,Sunny,
VCV00011947/082021,DMREXCHEUX,7189.659138,8/25/2020 1:45,8/29/2020 5:45,8/26/2020 7:51,Early,Sunny,
VCV00012831/082021,DMREXCHEUX,10784.41169,8/26/2020 2:46,8/30/2020 6:46,8/26/2020 7:36,Early,Sunny,
VCV00012383/082021,DMREXCHEUX,9263.564745,8/25/2020 14:49,8/29/2020 18:49,8/26/2020 7:20,Early,Patchy rain possible,
VCV00012807/082021,DMREXCHEUX,7555.621635,8/25/2020 23:00,8/30/2020 3:00,8/26/2020 4:21,Early,Sunny,
VCV00011952/082021,LUTGCCHE06,8297.251635,8/25/2020 2:17,8/29/2020 6:17,8/26/2020 7:17,Early,Sunny,
VCV00012788/082021,DMREXCHEUX,7589.264745,8/25/2020 21:33,8/30/2020 1:33,8/26/2020 2:51,Early,Sunny,
VCV00012535/082021,DMREXCHEUX,8325.171135,8/25/2020 16:28,8/29/2020 20:28,8/26/2020 2:06,Early,Sunny,
VCV00012735/082021,LUTGCCHE06,8490.201135,8/25/2020 20:46,8/30/2020 0:46,8/26/2020 1:51,Early,Sunny,
VCV00012771/082021,DMREXCHEUX,7724.811135,8/25/2020 21:23,8/30/2020 1:23,8/26/2020 1:23,Early,Sunny,
VCV00012401/082021,DMREXCHEUX,6402.388638,8/25/2020 15:20,8/29/2020 19:20,8/26/2020 0:07,Early,Patchy rain possible,
VCV00012040/082021,DMREXCHEUX,7699.861635,8/25/2020 10:07,8/29/2020 14:07,8/25/2020 23:52,Early,Patchy rain possible,
VCV00011231/082021,DMREXCHEUX,7877.394135,8/22/2020 14:28,8/26/2020 18:28,8/25/2020 23:21,Early,Sunny,
VCV00011946/082021,DMREXCHEUX,5671.294195,8/25/2020 1:42,8/29/2020 5:42,8/25/2020 23:09,Early,Sunny,
AEIBK2026835,SCTGCMAD13,7379.257638,8/20/2020 14:12,8/24/2020 18:12,8/26/2020 5:18,Delay,Partly cloudy,
MVCV0001533/082021,DMREXCHEUX,9481.409745,8/25/2020 20:41,8/30/2020 0:41,8/25/2020 20:51,Early,Partly cloudy,
VCV00011949/082021,DMREXCHEUX,11729.80872,8/25/2020 1:53,8/29/2020 5:53,8/25/2020 20:37,Early,Mist,
VCV00011706/082021,DMREXCHEUX,7588.606635,8/24/2020 19:10,8/28/2020 23:10,8/25/2020 20:06,Early,Sunny,
VCV00011961/082021,DMREXCHEUX,7200.706638,8/25/2020 8:20,8/29/2020 12:20,8/25/2020 19:40,Early,Partly cloudy,
VCV00012061/082021,DMREXCHEUX,10806.38669,8/25/2020 10:22,8/29/2020 14:22,8/25/2020 18:51,Early,Partly cloudy,
VCV00012523/082021,LUTGCCHE06,8229.772245,8/25/2020 16:21,8/29/2020 20:21,8/25/2020 18:34,Early,Partly cloudy,
VCV00012197/082021,DMREXCHEUX,7508.251635,8/25/2020 11:59,8/29/2020 15:59,8/25/2020 18:36,Early,Sunny,
VCV00011608/082021,DMREXCHEUX,7958.754135,8/24/2020 16:42,8/28/2020 20:42,8/25/2020 18:22,Early,Mist,
VCV00012389/082021,DMREXCHEUX,8124.592245,8/25/2020 14:55,8/29/2020 18:55,8/25/2020 18:07,Early,Partly cloudy,
AEIBK2026897,ALLEXCHE45,8507.593635,8/21/2020 17:03,8/25/2020 21:03,8/25/2020 17:47,Early,Partly cloudy,
VCV00011331/082021,LUTGCCHE06,8095.513635,8/24/2020 9:48,8/28/2020 13:48,8/25/2020 17:28,Early,Partly cloudy,
VCV00012216/082021,DMREXCHEUX,8122.971135,8/25/2020 12:15,8/29/2020 16:15,8/25/2020 17:07,Early,Partly cloudy,
AEIBK2026778,ALLEXCHE45,8240.316135,8/20/2020 18:54,8/24/2020 22:54,8/25/2020 18:57,Delay,Mist,
AEIBK2026277,ALLEXCHE45,8009.379135,8/17/2020 18:39,8/21/2020 22:39,8/25/2020 17:18,Delay,Patchy rain possible,
VCV00012057/082021,ALLEXCHE45,7421.881638,8/25/2020 10:19,8/29/2020 14:19,8/25/2020 22:40,Early,Sunny,
VCV00011656/082021,DMREXCHEUX,5671.294195,8/24/2020 17:48,8/28/2020 21:48,8/25/2020 16:34,Early,Mist,
MVCV0001108/082021,PVEEXHOS12,7870.687635,8/20/2020 11:33,8/24/2020 15:33,8/25/2020 22:26,Delay,Sunny,
VCV00011943/082021,DMREXCHEUX,8947.469745,8/25/2020 1:16,8/29/2020 5:16,8/25/2020 16:18,Early,Partly cloudy,
VCV00011469/082021,DMREXCHEUX,7487.371638,8/24/2020 13:25,8/28/2020 17:25,8/25/2020 15:58,Early,Sunny,
VCV00012358/082021,ALLEXCHE45,8171.184135,8/25/2020 14:25,8/29/2020 18:25,8/25/2020 15:35,Early,Mist,
VCV00012359/082021,ALLEXCHE45,6949.231638,8/25/2020 14:27,8/29/2020 18:27,8/25/2020 15:25,Early,Sunny,
VCV00012370/082021,ALLEXCHE45,10792.35917,8/25/2020 14:33,8/29/2020 18:33,8/25/2020 15:30,Early,Sunny,
VCV00012397/082021,ALLEXCHE45,7218.480138,8/25/2020 15:11,8/29/2020 19:11,8/25/2020 15:23,Early,Sunny,
VCV00012387/082021,ALLEXCHE45,5184.415638,8/25/2020 14:53,8/29/2020 18:53,8/25/2020 15:41,Early,Patchy rain possible,
VCV00009430/082021,DMREXCHEUX,7143.304905,8/19/2020 19:47,8/23/2020 23:47,8/25/2020 15:22,Delay,Mist,
VCV00012381/082021,ALLEXCHE45,7160.476638,8/25/2020 14:47,8/29/2020 18:47,8/25/2020 15:10,Early,Patchy rain possible,
VCV00012385/082021,ALLEXCHE45,8168.40024,8/25/2020 14:51,8/29/2020 18:51,8/25/2020 15:10,Early,Patchy rain possible,
VCV00011958/082021,DMREXCHEUX,6574.736655,8/25/2020 7:48,8/29/2020 11:48,8/25/2020 15:07,Early,Sunny,
VCV00011694/082021,DMREXCHEUX,7212.140655,8/24/2020 18:55,8/28/2020 22:55,8/25/2020 14:37,Early,Mist,
VCV00011761/082021,LUTGCCHE06,7023.411138,8/24/2020 20:22,8/29/2020 0:22,8/25/2020 15:06,Early,Mist,
VCV00011829/082021,LUTGCCHE06,10464.81767,8/24/2020 21:19,8/29/2020 1:19,8/25/2020 14:55,Early,Sunny,
VCV00011486/082021,DMREXCHEUX,6387.821655,8/24/2020 13:47,8/28/2020 17:47,8/25/2020 14:37,Early,Sunny,
MVCV0001434/082021,ALLEXCHE45,12185.00331,8/25/2020 11:34,8/29/2020 15:34,8/25/2020 13:56,Early,Sunny,
MVCV0001429/082021,ALLEXCHE45,6381.563655,8/25/2020 9:34,8/29/2020 13:34,8/25/2020 14:00,Early,Mist,
AEIBK2027172,ALLEXCHE45,7768.326135,8/24/2020 14:30,8/28/2020 18:30,8/25/2020 14:03,Early,Sunny,
VCV00012212/082021,ALLEXCHE45,7097.769138,8/25/2020 12:12,8/29/2020 16:12,8/25/2020 13:23,Early,Patchy rain possible,
AEIBK2027171,ALLEXCHE45,6788.083638,8/24/2020 14:31,8/28/2020 18:31,8/25/2020 13:08,Early,Patchy rain possible,
VCV00012209/082021,ALLEXCHE45,6573.898638,8/25/2020 12:11,8/29/2020 16:11,8/25/2020 12:26,Early,Sunny,
VCV00012196/082021,ALLEXCHE45,10116.66167,8/25/2020 11:57,8/29/2020 15:57,8/25/2020 12:23,Early,Sunny,
VCV00011485/082021,DMREXCHEUX,6826.674138,8/24/2020 13:45,8/28/2020 17:45,8/25/2020 12:22,Early,Patchy rain possible,
VCV00011488/082021,DMREXCHEUX,10754.58167,8/24/2020 13:53,8/28/2020 17:53,8/25/2020 11:52,Early,Sunny,
VCV00012153/082021,ALLEXCHE45,7468.455138,8/25/2020 11:15,8/29/2020 15:15,8/25/2020 11:39,Early,Sunny,
VCV00012121/082021,ALLEXCHE45,7259.981655,8/25/2020 11:00,8/29/2020 15:00,8/25/2020 11:24,Early,Sunny,
VCV00012144/082021,ALLEXCHE45,7683.136635,8/25/2020 11:11,8/29/2020 15:11,8/25/2020 11:23,Early,Sunny,
VCV00011607/082021,JBLEXGURT6,7344.79524,8/24/2020 16:41,8/28/2020 20:41,8/26/2020 1:35,Early,Sunny,
VCV00011475/082021,DMREXCHEUX,6672.566655,8/24/2020 13:32,8/28/2020 17:32,8/25/2020 11:05,Early,Partly cloudy,
VCV00011657/082021,DMREXCHEUX,7062.140655,8/24/2020 17:49,8/28/2020 21:49,8/25/2020 11:05,Early,Partly cloudy,
VCV00012024/082021,DMREXCHEUX,6873.298638,8/25/2020 9:51,8/29/2020 13:51,8/25/2020 10:21,Early,Sunny,
VCV00011115/082021,ALLEXCHE45,10171.41017,8/22/2020 8:43,8/26/2020 12:43,8/25/2020 10:25,Early,Partly cloudy,
VCV00011735/082021,DMREXCHEUX,12557.19831,8/24/2020 19:39,8/28/2020 23:39,8/25/2020 10:07,Early,Sunny,
VCV00010240/082021,ALLEXCHE45,7325.588655,8/20/2020 15:58,8/24/2020 19:58,8/25/2020 15:04,Delay,Partly cloudy,
VCV00011565/082021,DMREXCHEUX,7768.326135,8/24/2020 15:44,8/28/2020 19:44,8/25/2020 9:20,Early,Partly cloudy,
VCV00011540/082021,ALLEXCHE45,7381.126638,8/24/2020 15:12,8/28/2020 19:12,8/25/2020 9:12,Early,Patchy rain possible,
VCV00011087/082021,DMREXCHEUX,6592.753638,8/22/2020 3:08,8/26/2020 7:08,8/25/2020 8:48,Early,Sunny,
VCV00011614/082021,DMREXCHEUX,9823.254165,8/24/2020 16:50,8/28/2020 20:50,8/25/2020 8:08,Early,Partly cloudy,
VCV00011506/082021,DMREXCHEUX,7103.386638,8/24/2020 14:19,8/28/2020 18:19,8/25/2020 7:35,Early,Sunny,
VCV00011948/082021,DMREXCHEUX,10461.17417,8/25/2020 1:48,8/29/2020 5:48,8/25/2020 7:08,Early,Sunny,
VCV00011942/082021,LUTGCCHE06,7599.243135,8/25/2020 1:13,8/29/2020 5:13,8/25/2020 6:34,Early,Partly cloudy,
VCV00011819/082021,LUTGCCHE06,7218.480138,8/24/2020 21:14,8/29/2020 1:14,8/25/2020 3:49,Early,Sunny,
VCV00011928/082021,LUTGCCHE06,7135.871655,8/24/2020 23:09,8/29/2020 3:09,8/25/2020 3:49,Early,Partly cloudy,
VCV00011305/082021,LUTGCCHE06,7722.909135,8/24/2020 6:46,8/28/2020 10:46,8/25/2020 2:58,Early,Partly cloudy,
VCV00011632/082021,DMREXCHEUX,8025.61524,8/24/2020 17:26,8/28/2020 21:26,8/25/2020 1:50,Early,Partly cloudy,
VCV00011542/082021,DMREXCHEUX,7058.951655,8/24/2020 15:14,8/28/2020 19:14,8/25/2020 1:52,Early,Sunny,
VCV00011498/082021,DMREXCHEUX,7512.140655,8/24/2020 14:07,8/28/2020 18:07,8/25/2020 2:41,Early,Partly cloudy,
VCV00011513/082021,LUTGCCHE06,7460.488638,8/24/2020 14:25,8/28/2020 18:25,8/25/2020 1:06,Early,Sunny,
VCV00011555/082021,DMREXCHEUX,10502.72267,8/24/2020 15:34,8/28/2020 19:34,8/25/2020 1:07,Early,Sunny,
AEIBK2026423,ALLEXCHE45,11972.99331,8/18/2020 16:13,8/22/2020 20:13,8/25/2020 1:10,Delay,Sunny,
VCV00010403/082021,DMREXCHEUX,7619.206155,8/20/2020 18:58,8/24/2020 22:58,8/25/2020 1:26,Delay,Sunny,
VCV00009362/082021,DMREXCHEUX,7679.788635,8/19/2020 18:53,8/23/2020 22:53,8/25/2020 0:31,Delay,Partly cloudy,
VCV00011934/082021,DMREXCHEUX,7172.754138,8/24/2020 23:35,8/29/2020 3:35,8/24/2020 23:51,Early,Patchy rain possible,
VCV00011670/082021,DMREXCHEUX,6712.198638,8/24/2020 18:13,8/28/2020 22:13,8/24/2020 23:21,Early,Overcast,
VCV00011723/082021,LUTGCCHE06,10154.56667,8/24/2020 19:26,8/28/2020 23:26,8/24/2020 23:24,Early,Partly cloudy,
VCV00011712/082021,DMREXCHEUX,6833.259138,8/24/2020 19:16,8/28/2020 23:16,8/24/2020 19:50,Early,Partly cloudy,
VCV00011306/082021,DMREXCHEUX,10792.48667,8/24/2020 7:56,8/28/2020 11:56,8/24/2020 19:50,Early,Cloudy,
VCV00011456/082021,DMREXCHEUX,7557.565635,8/24/2020 12:59,8/28/2020 16:59,8/24/2020 19:50,Early,Partly cloudy,
VCV00011673/082021,DMREXCHEUX,7218.480138,8/24/2020 18:22,8/28/2020 22:22,8/24/2020 19:36,Early,Partly cloudy,
VCV00011284/082021,LUTGCCHE06,7372.991655,8/23/2020 19:13,8/27/2020 23:13,8/24/2020 18:19,Early,Partly cloudy,
VCV00010453/082021,LUTGCCHE06,6811.091655,8/20/2020 21:45,8/25/2020 1:45,8/24/2020 17:56,Early,Cloudy,
VCV00011649/082021,ALLEXCHE45,6346.858155,8/24/2020 17:38,8/28/2020 21:38,8/24/2020 17:59,Early,Partly cloudy,
VCV00011515/082021,LUTGCCHE06,7267.311138,8/24/2020 14:28,8/28/2020 18:28,8/24/2020 18:08,Early,Mist,
VCV00011635/082021,ALLEXCHE45,10338.00017,8/24/2020 17:27,8/28/2020 21:27,8/24/2020 17:55,Early,Cloudy,
VCV00010882/082021,DMREXCHEUX,11839.65831,8/21/2020 15:24,8/25/2020 19:24,8/24/2020 17:37,Early,Partly cloudy,
AEIBK2026830,SCTGCMAD13,7699.943655,8/19/2020 16:17,8/23/2020 20:17,8/24/2020 18:06,Delay,Sunny,
VCV00011601/082021,ALLEXCHE45,7206.526638,8/24/2020 16:35,8/28/2020 20:35,8/24/2020 16:54,Early,Partly cloudy,
VCV00011597/082021,ALLEXCHE45,6751.041138,8/24/2020 16:30,8/28/2020 20:30,8/24/2020 17:10,Early,Moderate or heavy rain shower,
VCV00011604/082021,WABGCCHE17,6506.878638,8/24/2020 16:40,8/28/2020 20:40,8/24/2020 21:40,Early,Moderate or heavy rain shower,
VCV00011610/082021,WABGCCHE17,9989.844165,8/24/2020 16:43,8/28/2020 20:43,8/24/2020 23:19,Early,Moderate or heavy rain shower,
VCV00011611/082021,WABGCCHE17,6821.724138,8/24/2020 16:44,8/28/2020 20:44,8/24/2020 23:39,Early,Mist,
VCV00011309/082021,DMREXCHEUX,10627.76417,8/24/2020 9:00,8/28/2020 13:00,8/24/2020 16:52,Early,Mist,
VCV00011095/082021,DMREXCHEUX,7293.480138,8/22/2020 3:57,8/26/2020 7:57,8/24/2020 16:36,Early,Partly cloudy,
VCV00010798/082021,DMREXCHEUX,7342.751655,8/21/2020 13:14,8/25/2020 17:14,8/24/2020 16:18,Early,Sunny,
VCV00010100/082021,ALLEXCHE45,8051.91024,8/20/2020 14:40,8/24/2020 18:40,8/24/2020 19:25,Delay,Mist,
VCV00011094/082021,DMREXCHEUX,8467.62024,8/22/2020 3:55,8/26/2020 7:55,8/24/2020 16:06,Early,Sunny,
VCV00011308/082021,DMREXCHEUX,6373.511655,8/24/2020 8:00,8/28/2020 12:00,8/24/2020 16:08,Early,Sunny,
VCV00011520/082021,DMREXCHEUX,6035.825655,8/24/2020 14:42,8/28/2020 18:42,8/24/2020 15:47,Early,Partly cloudy,
AEIBK2026392,SCTGCMAD13,7077.831138,8/18/2020 12:50,8/22/2020 16:50,8/24/2020 23:58,Delay,Mist,
VCV00011084/082021,DMREXCHEUX,9109.192665,8/22/2020 2:28,8/26/2020 6:28,8/24/2020 15:19,Early,Mist,
VCV00011539/082021,ALLEXCHE45,11419.56081,8/24/2020 15:11,8/28/2020 19:11,8/24/2020 15:18,Early,Sunny,
VCV00010836/082021,DMREXCHEUX,7782.238635,8/21/2020 14:17,8/25/2020 18:17,8/24/2020 18:31,Early,Sunny,
VCV00011307/082021,DMREXCHEUX,7245.721638,8/24/2020 7:58,8/28/2020 11:58,8/24/2020 14:06,Early,Sunny,
MVCV0001298/082021,ALLEXCHE45,6825.036138,8/22/2020 8:07,8/26/2020 12:07,8/24/2020 14:00,Early,Sunny,
VCV00011090/082021,DMREXCHEUX,6087.388638,8/22/2020 3:37,8/26/2020 7:37,8/24/2020 13:50,Early,Mist,
VCV00011091/082021,DMREXCHEUX,8761.036665,8/22/2020 3:40,8/26/2020 7:40,8/24/2020 13:50,Early,Sunny,
AEIBK2026883,ALLEXCHE45,6280.921638,8/21/2020 16:21,8/25/2020 20:21,8/24/2020 14:03,Early,Mist,
AEIBK2026889,ALLEXCHE45,6734.471655,8/21/2020 16:46,8/25/2020 20:46,8/24/2020 13:47,Early,Sunny,
VCV00011065/082021,DMREXCHEUX,8087.365635,8/21/2020 23:35,8/26/2020 3:35,8/24/2020 13:20,Early,Sunny,
AEIBK2026570,ALLEXCHE45,7866.427635,8/19/2020 18:11,8/23/2020 22:11,8/24/2020 13:33,Delay,Sunny,
AEIBK2027146,ALLEXCHE45,7309.354155,8/24/2020 11:56,8/28/2020 15:56,8/24/2020 13:19,Early,Sunny,
VCV00010889/082021,DMREXCHEUX,7793.446635,8/21/2020 15:31,8/25/2020 19:31,8/24/2020 12:36,Early,Sunny,
AEIBK2026874,LUTGCCHE06,8164.08774,8/21/2020 15:27,8/25/2020 19:27,8/24/2020 17:11,Early,Sunny,
VCV00010911/082021,DMREXCHEUX,6380.488155,8/21/2020 15:58,8/25/2020 19:58,8/24/2020 12:06,Early,Sunny,
VCV00010800/082021,DMREXCHEUX,10838.94767,8/21/2020 13:16,8/25/2020 17:16,8/24/2020 11:47,Early,Sunny,
VCV00011295/082021,LUTGCCHE06,7557.565635,8/23/2020 23:35,8/28/2020 3:35,8/24/2020 13:54,Early,Sunny,
VCV00011266/082021,LUTGCCHE06,7218.480138,8/22/2020 22:13,8/27/2020 2:13,8/24/2020 14:00,Early,Sunny,
VCV00011334/082021,TFEEXCHETB,8150.22774,8/24/2020 9:51,8/28/2020 13:51,8/24/2020 10:02,Early,Sunny,
VCV00011335/082021,TFEEXCHETB,6811.091655,8/24/2020 9:51,8/28/2020 13:51,8/24/2020 10:05,Early,Mist,
VCV00011325/082021,TFEEXCHETB,6346.858155,8/24/2020 9:44,8/28/2020 13:44,8/24/2020 9:47,Early,Sunny,
VCV00011326/082021,TFEEXCHETB,7267.311138,8/24/2020 9:44,8/28/2020 13:44,8/24/2020 9:55,Early,Sunny,
VCV00010949/082021,LUTGCCHE06,10338.00017,8/21/2020 17:54,8/25/2020 21:54,8/24/2020 9:42,Early,Sunny,
VCV00010590/082021,TFEEXCHETB,11839.65831,8/21/2020 9:12,8/25/2020 13:12,8/24/2020 9:32,Early,Sunny,
VCV00011113/082021,ALLEXCHE45,7699.943655,8/22/2020 8:41,8/26/2020 12:41,8/24/2020 9:40,Early,Sunny,
VCV00011052/082021,DMREXCHEUX,7785.718635,8/21/2020 22:26,8/26/2020 2:26,8/24/2020 8:48,Early,Partly cloudy,
VCV00010426/082021,DMREXCHEUX,6751.041138,8/20/2020 19:34,8/24/2020 23:34,8/24/2020 6:36,Early,Partly cloudy,
VCV00011262/082021,LUTGCCHE06,6506.878638,8/22/2020 21:00,8/27/2020 1:00,8/24/2020 9:39,Early,Mist,
VCV00011273/082021,LUTGCCHE06,9989.844165,8/22/2020 22:43,8/27/2020 2:43,8/24/2020 6:19,Early,Partly cloudy,
VCV00011287/082021,LUTGCCHE06,6821.724138,8/23/2020 20:53,8/28/2020 0:53,8/24/2020 6:04,Early,Partly cloudy,
VCV00008377/082021,ALLEXCHE45,10627.76417,8/18/2020 14:35,8/22/2020 18:35,8/24/2020 3:36,Delay,Partly cloudy,
AEIBK2026052,SCTGCMAD13,7644.528135,8/15/2020 11:32,8/19/2020 15:32,8/24/2020 1:13,Delay,Partly cloudy,
AEIBK2025996,SCTGCMAD13,7293.480138,8/13/2020 12:30,8/17/2020 16:30,8/24/2020 1:13,Delay,Partly cloudy,
AEIBK2026271,ALLEXCHE45,7342.751655,8/17/2020 17:52,8/21/2020 21:52,8/24/2020 1:19,Delay,Sunny,
VCV00011265/082021,LUTGCCHE06,6884.401638,8/22/2020 21:58,8/27/2020 1:58,8/24/2020 4:00,Early,Partly cloudy,
VCV00009193/082021,ALLEXCHE45,8051.91024,8/19/2020 17:24,8/23/2020 21:24,8/24/2020 4:45,Delay,Partly cloudy,
VCV00009577/082021,LUTGCCHE06,6373.511655,8/19/2020 21:30,8/24/2020 1:30,8/23/2020 19:04,Early,Partly cloudy,
VCV00011197/082021,LUTGCCHE06,7077.831138,8/22/2020 13:31,8/26/2020 17:31,8/23/2020 12:08,Early,Partly cloudy,
VCV00010851/082021,LUTGCCHE06,6825.036138,8/21/2020 14:29,8/25/2020 18:29,8/23/2020 2:16,Early,Patchy rain possible,
VCV00011230/082021,LUTGCCHE06,8761.036665,8/22/2020 14:27,8/26/2020 18:27,8/22/2020 17:02,Early,Sunny,
VCV00011147/082021,LUTGCCHE06,6280.921638,8/22/2020 11:24,8/26/2020 15:24,8/22/2020 16:17,Early,Patchy rain possible,
VCV00009810/082021,DMREXCHEUX,6734.471655,8/20/2020 11:20,8/24/2020 15:20,8/22/2020 14:16,Early,Patchy rain possible,
VCV00010980/082021,LUTGCCHE06,8087.365635,8/21/2020 19:15,8/25/2020 23:15,8/22/2020 14:27,Early,Sunny,
VCV00011006/082021,LUTGCCHE06,7866.427635,8/21/2020 20:31,8/26/2020 0:31,8/22/2020 14:07,Early,Sunny,
VCV00011096/082021,LUTGCCHE06,7793.446635,8/22/2020 4:58,8/26/2020 8:58,8/22/2020 15:13,Early,Patchy rain possible,
AEIBK2026475,SCTGCMAD13,8164.08774,8/18/2020 12:50,8/22/2020 16:50,8/22/2020 12:21,Early,Mist,
MVCV0000961/082021,ALLEXCHE45,6380.488155,8/18/2020 14:52,8/22/2020 18:52,8/22/2020 14:18,Early,Patchy rain possible,
VCV00010978/082021,LUTGCCHE06,7188.996138,8/21/2020 19:13,8/25/2020 23:13,8/22/2020 5:17,Early,Patchy rain possible,
VCV00010981/082021,LUTGCCHE06,10838.94767,8/21/2020 19:17,8/25/2020 23:17,8/22/2020 5:02,Early,Patchy rain possible,
VCV00009622/082021,DMREXCHEUX,10963.078,8/19/2020 22:23,8/24/2020 2:23,8/22/2020 3:03,Early,Sunny,
VCV00010946/082021,DMREXCHEUX,7473.908655,8/21/2020 17:51,8/25/2020 21:51,8/22/2020 2:18,Early,Sunny,
VCV00010987/082021,DMREXCHEUX,7785.208635,8/21/2020 19:47,8/25/2020 23:47,8/22/2020 2:04,Early,Partly cloudy,
VCV00010140/082021,DMREXCHEUX,6644.619138,8/20/2020 14:58,8/24/2020 18:58,8/22/2020 1:48,Early,Patchy rain possible,
VCV00011069/082021,LUTGCCHE06,7170.531138,8/21/2020 23:46,8/26/2020 3:46,8/22/2020 0:02,Early,Patchy rain possible,
VCV00010813/082021,DMREXCHEUX,6543.418638,8/21/2020 13:43,8/25/2020 17:43,8/21/2020 23:34,Early,Partly cloudy,
VCV00009790/082021,ALLEXCHE45,10299.41417,8/20/2020 11:14,8/24/2020 15:14,8/21/2020 23:37,Early,Partly cloudy,
VCV00010477/082021,DMREXCHEUX,6439.014138,8/21/2020 0:50,8/25/2020 4:50,8/21/2020 23:04,Early,Patchy rain possible,
VCV00011029/082021,TELGCCHE03,6918.3431,8/21/2020 21:37,8/26/2020 1:37,8/21/2020 22:18,Early,Sunny,
VCV00010071/082021,DMREXCHEUX,7510.863135,8/20/2020 14:22,8/24/2020 18:22,8/21/2020 22:18,Early,Patchy rain possible,
VCV00010944/082021,DMREXCHEUX,7293.480138,8/21/2020 17:43,8/25/2020 21:43,8/21/2020 22:37,Early,Patchy rain possible,
VCV00010894/082021,DMREXCHEUX,6835.871655,8/21/2020 15:37,8/25/2020 19:37,8/21/2020 22:03,Early,Sunny,
VCV00010871/082021,DMREXCHEUX,6937.734138,8/21/2020 14:49,8/25/2020 18:49,8/21/2020 21:49,Early,Mist,
AEIBK2026249,SCTGCMAD13,19604.4,8/15/2020 11:32,8/19/2020 15:32,8/21/2020 22:43,Delay,Partly cloudy,
VCV00010454/082021,LUTGCCHE06,19357.05,8/20/2020 21:46,8/25/2020 1:46,8/21/2020 23:43,Early,Patchy rain possible,
VCV00010478/082021,DMREXCHEUX,13321.2,8/21/2020 1:03,8/25/2020 5:03,8/21/2020 20:33,Early,Sunny,
AEIBK2025631,SCTGCMAD13,15692.7,8/11/2020 14:44,8/15/2020 18:44,8/21/2020 20:43,Delay,Sunny,
VCV00010897/082021,LUTGCCHE06,18768,8/21/2020 15:38,8/25/2020 19:38,8/21/2020 20:03,Early,Partly cloudy,
VCV00010815/082021,DMREXCHEUX,16960.05,8/21/2020 13:44,8/25/2020 17:44,8/21/2020 20:02,Early,Partly cloudy,
VCV00010716/082021,DMREXCHEUX,8412.45,8/21/2020 11:00,8/25/2020 15:00,8/21/2020 20:05,Early,Cloudy,
VCV00010245/082021,LUTGCCHE06,14517.15,8/20/2020 16:04,8/24/2020 20:04,8/21/2020 22:49,Early,Partly cloudy,
VCV00010720/082021,DMREXCHEUX,15241.35,8/21/2020 11:10,8/25/2020 15:10,8/21/2020 18:50,Early,Sunny,
VCV00010820/082021,LUTGCCHE06,17832.15,8/21/2020 13:58,8/25/2020 17:58,8/21/2020 18:02,Early,Patchy rain possible,
VCV00010797/082021,LUTGCCHE06,12979.5,8/21/2020 13:08,8/25/2020 17:08,8/21/2020 17:55,Early,Sunny,
VCV00010322/082021,ALLEXCHE45,8407.35,8/20/2020 17:25,8/24/2020 21:25,8/21/2020 23:08,Early,Mist,
VCV00010369/082021,DMREXCHEUX,14930.25,8/20/2020 18:34,8/24/2020 22:34,8/21/2020 17:18,Early,Partly cloudy,
VCV00010440/082021,DMREXCHEUX,12336.9,8/20/2020 20:05,8/25/2020 0:05,8/21/2020 17:17,Early,Partly cloudy,
VCV00009680/082021,DMREXCHEUX,13665.45,8/20/2020 8:49,8/24/2020 12:49,8/21/2020 17:18,Early,Sunny,
VCV00010416/082021,DMREXCHEUX,11347.5,8/20/2020 19:19,8/24/2020 23:19,8/21/2020 17:04,Early,Mist,
VCV00010427/082021,DMREXCHEUX,19484.55,8/20/2020 19:37,8/24/2020 23:37,8/21/2020 16:33,Early,Sunny,
VCV00010321/082021,ALLEXCHE45,15736.05,8/20/2020 17:25,8/24/2020 21:25,8/21/2020 22:23,Early,Partly cloudy,
VCV00010475/082021,DMREXCHEUX,16212.9,8/21/2020 0:40,8/25/2020 4:40,8/21/2020 16:18,Early,Patchy rain possible,
VCV00010232/082021,ALLEXCHE45,19984.35,8/20/2020 15:52,8/24/2020 19:52,8/21/2020 15:48,Early,Patchy rain possible,
VCV00010890/082021,ALLEXCHE45,13596.6,8/21/2020 15:34,8/25/2020 19:34,8/21/2020 15:46,Early,Mist,
VCV00009592/082021,DMREXCHEUX,16146.6,8/19/2020 21:40,8/24/2020 1:40,8/21/2020 15:31,Early,Sunny,
VCV00010529/082021,DMREXCHEUX,12168.6,8/21/2020 8:11,8/25/2020 12:11,8/21/2020 15:33,Early,Mist,
VCV00009723/082021,DMREXCHEUX,17903.55,8/20/2020 10:02,8/24/2020 14:02,8/21/2020 15:16,Early,Sunny,
VCV00009862/082021,DMREXCHEUX,9289.65,8/20/2020 11:44,8/24/2020 15:44,8/21/2020 15:16,Early,Sunny,
MVCV0001226/082021,ALLEXCHE45,7588.449495,8/21/2020 9:49,8/25/2020 13:49,8/21/2020 20:29,Early,Mist,
VCV00010845/082021,ALLEXCHE45,7815.576135,8/21/2020 14:25,8/25/2020 18:25,8/21/2020 14:34,Early,Light rain shower,
MVCV0000960/082021,ALLEXCHE45,7765.326135,8/18/2020 14:51,8/22/2020 18:51,8/21/2020 14:54,Early,Patchy rain possible,
VCV00010818/082021,ALLEXCHE45,6742.513638,8/21/2020 13:52,8/25/2020 17:52,8/21/2020 14:37,Early,Sunny,
VCV00010707/082021,ALLEXCHE45,7528.858635,8/21/2020 10:51,8/25/2020 14:51,8/21/2020 13:27,Early,Patchy rain possible,
VCV00009990/082021,DMREXCHEUX,7431.204138,8/20/2020 13:50,8/24/2020 17:50,8/21/2020 13:03,Early,Partly cloudy,
VCV00010081/082021,LUTGCCHE06,7773.586635,8/20/2020 14:27,8/24/2020 18:27,8/21/2020 13:10,Early,Patchy rain possible,
VCV00010129/082021,DMREXCHEUX,7820.034135,8/20/2020 14:54,8/24/2020 18:54,8/21/2020 13:01,Early,Sunny,
VCV00010482/082021,DMREXCHEUX,10585.66169,8/21/2020 1:30,8/25/2020 5:30,8/21/2020 12:47,Early,Partly cloudy,
VCV00010705/082021,ALLEXCHE45,7085.160138,8/21/2020 10:49,8/25/2020 14:49,8/21/2020 12:53,Early,Partly cloudy,
VCV00009648/082021,LUTGCCHE06,10988.44122,8/19/2020 23:41,8/24/2020 3:41,8/21/2020 14:28,Early,Partly cloudy,
VCV00010768/082021,ALLEXCHE45,7117.569138,8/21/2020 12:12,8/25/2020 16:12,8/21/2020 12:22,Early,Sunny,
VCV00010423/082021,LUTGCCHE06,6929.844138,8/20/2020 19:29,8/24/2020 23:29,8/21/2020 12:37,Early,Sunny,
VCV00010366/082021,LUTGCCHE06,8788.387245,8/20/2020 18:26,8/24/2020 22:26,8/21/2020 12:35,Early,Sunny,
VCV00007656/082021,PVEEXHOS12,8921.369745,8/17/2020 13:58,8/21/2020 17:58,8/21/2020 13:13,Early,Partly cloudy,
VCV00010587/082021,LUTGCCHE06,6652.749138,8/21/2020 9:11,8/25/2020 13:11,8/21/2020 14:44,Early,Sunny,
AEIBK2026436,ALLEXCHE45,7627.799745,8/18/2020 17:19,8/22/2020 21:19,8/21/2020 11:38,Early,Partly cloudy,
VCV00010076/082021,DMREXCHEUX,8209.671135,8/20/2020 14:25,8/24/2020 18:25,8/21/2020 11:18,Early,Sunny,
VCV00010709/082021,ALLEXCHE45,7845.733635,8/21/2020 10:54,8/25/2020 14:54,8/21/2020 11:05,Early,Sunny,
VCV00010448/082021,DMREXCHEUX,6900.381138,8/20/2020 20:56,8/25/2020 0:56,8/21/2020 10:49,Early,Patchy rain possible,
MVCV0001094/082021,ALLEXCHE45,7602.028635,8/20/2020 9:54,8/24/2020 13:54,8/21/2020 11:06,Early,Sunny,
VCV00010014/082021,ALLEXCHE45,7500.099135,8/20/2020 13:59,8/24/2020 17:59,8/21/2020 9:46,Early,Sunny,
VCV00010572/082021,TFEEXCHETB,8135.544135,8/21/2020 8:59,8/25/2020 12:59,8/21/2020 9:09,Early,Patchy rain possible,
VCV00009694/082021,TFEEXCHETB,8253.204135,8/20/2020 9:13,8/24/2020 13:13,8/21/2020 8:53,Early,Sunny,
VCV00009695/082021,TFEEXCHETB,10837.84919,8/20/2020 9:14,8/24/2020 13:14,8/21/2020 8:45,Early,Sunny,
VCV00010167/082021,DMREXCHEUX,11507.14872,8/20/2020 15:13,8/24/2020 19:13,8/21/2020 8:04,Early,Sunny,
VCV00010490/082021,DMREXCHEUX,7108.134138,8/21/2020 2:06,8/25/2020 6:06,8/21/2020 8:05,Early,Sunny,
VCV00010469/082021,LUTGCCHE06,7081.021638,8/20/2020 23:30,8/25/2020 3:30,8/21/2020 6:31,Early,Sunny,
VCV00010472/082021,LUTGCCHE06,9419.137245,8/20/2020 23:56,8/25/2020 3:56,8/21/2020 6:02,Early,Partly cloudy,
VCV00010473/082021,DMREXCHEUX,10347.64919,8/21/2020 0:22,8/25/2020 4:22,8/21/2020 5:19,Early,Partly cloudy,
VCV00010395/082021,LUTGCCHE06,7532.559135,8/20/2020 18:53,8/24/2020 22:53,8/21/2020 3:02,Early,Partly cloudy,
VCV00010449/082021,DMREXCHEUX,7766.679135,8/20/2020 20:58,8/25/2020 0:58,8/21/2020 2:05,Early,Mist,
VCV00010035/082021,DMREXCHEUX,7333.724746,8/20/2020 14:09,8/24/2020 18:09,8/21/2020 1:16,Early,Sunny,
VCV00009659/082021,DMREXCHEUX,7841.458635,8/20/2020 2:03,8/24/2020 6:03,8/21/2020 0:48,Early,Cloudy,
VCV00009658/082021,DMREXCHEUX,8084.421135,8/20/2020 1:54,8/24/2020 5:54,8/21/2020 0:48,Early,Patchy rain possible,
VCV00010436/082021,DMREXCHEUX,7692.891135,8/20/2020 19:54,8/24/2020 23:54,8/21/2020 0:35,Early,Sunny,
VCV00010437/082021,DMREXCHEUX,6726.208638,8/20/2020 19:57,8/24/2020 23:57,8/20/2020 23:49,Early,Mist,
VCV00010243/082021,LUTGCCHE06,7949.139135,8/20/2020 16:00,8/24/2020 20:00,8/20/2020 23:22,Early,Mist,
VCV00009560/082021,LUTGCCHE06,10601.64419,8/19/2020 21:12,8/24/2020 1:12,8/20/2020 21:56,Early,Mist,
VCV00010009/082021,DMREXCHEUX,7590.487635,8/20/2020 13:58,8/24/2020 17:58,8/20/2020 20:49,Early,Mist,
VCV00010362/082021,DMREXCHEUX,9293.767245,8/20/2020 18:15,8/24/2020 22:15,8/20/2020 20:04,Early,Sunny,
MVCV0001098/082021,TMCGCCHE05,11684.60622,8/20/2020 10:01,8/24/2020 14:01,8/21/2020 1:33,Early,Partly cloudy,
VCV00009042/082021,DMREXCHEUX,7213.486638,8/19/2020 14:56,8/23/2020 18:56,8/20/2020 19:49,Early,Mist,
VCV00010078/082021,LUTGCCHE06,6954.954138,8/20/2020 14:26,8/24/2020 18:26,8/20/2020 22:01,Early,Partly cloudy,
VCV00008910/082021,DMREXCHEUX,7189.659138,8/19/2020 12:38,8/23/2020 16:38,8/20/2020 18:49,Early,Partly cloudy,
VCV00010357/082021,DMREXCHEUX,10784.41169,8/20/2020 18:10,8/24/2020 22:10,8/20/2020 18:32,Early,Partly cloudy,
VCV00009940/082021,LUTGCCHE06,9263.564745,8/20/2020 13:22,8/24/2020 17:22,8/20/2020 18:17,Early,Cloudy,
AEIBK2026676,WABGCCHE17,10502.72267,8/20/2020 14:01,8/24/2020 18:01,8/20/2020 23:19,Early,Sunny,
VCV00010297/082021,ALLEXCHE45,11972.99331,8/20/2020 17:02,8/24/2020 21:02,8/20/2020 17:20,Early,Sunny,
VCV00010300/082021,ALLEXCHE45,7619.206155,8/20/2020 17:04,8/24/2020 21:04,8/20/2020 17:20,Early,Sunny,
VCV00009757/082021,ALLEXCHE45,7679.788635,8/20/2020 10:56,8/24/2020 14:56,8/20/2020 17:23,Early,Partly cloudy,
AEIBK2025860,LTLEXMUM40,7172.754138,8/13/2020 15:28,8/14/2020 16:37,8/20/2020 17:36,Delay,Sunny,
VCV00006898/082021,DMREXCHEUX,6969.951138,8/14/2020 22:05,8/19/2020 2:05,8/20/2020 16:47,Delay,Sunny,
VCV00009728/082021,DMREXCHEUX,10154.56667,8/20/2020 10:14,8/24/2020 14:14,8/20/2020 16:33,Early,Sunny,
AEIBK2026663,WABGCCHE17,6833.259138,8/18/2020 19:45,8/22/2020 23:45,8/20/2020 20:40,Early,Sunny,
MVCV0001096/082021,ALLEXCHE45,7372.991655,8/20/2020 9:59,8/24/2020 13:59,8/20/2020 21:38,Early,Partly cloudy,
VCV00010173/082021,LUTGCCHE06,7268.761638,8/20/2020 15:14,8/24/2020 19:14,8/20/2020 18:23,Early,Sunny,
VCV00010214/082021,ALLEXCHE45,8150.22774,8/20/2020 15:35,8/24/2020 19:35,8/20/2020 15:50,Early,Sunny,
VCV00010216/082021,ALLEXCHE45,6811.091655,8/20/2020 15:36,8/24/2020 19:36,8/20/2020 16:00,Early,Sunny,
VCV00010203/082021,ALLEXCHE45,6346.858155,8/20/2020 15:29,8/24/2020 19:29,8/20/2020 15:57,Early,Mist,
VCV00008832/082021,ALLEXCHE45,7267.311138,8/19/2020 11:04,8/23/2020 15:04,8/20/2020 20:58,Early,Cloudy,
VCV00008504/082021,ALLEXCHE45,10338.00017,8/18/2020 17:14,8/22/2020 21:14,8/20/2020 20:56,Early,Sunny,
VCV00010187/082021,ALLEXCHE45,11839.65831,8/20/2020 15:21,8/24/2020 19:21,8/20/2020 15:42,Early,Sunny,
VCV00009679/082021,DMREXCHEUX,7699.943655,8/20/2020 8:44,8/24/2020 12:44,8/20/2020 15:04,Early,Sunny,
VCV00009034/082021,ALLEXCHE45,7785.718635,8/19/2020 14:47,8/23/2020 18:47,8/20/2020 20:11,Early,Sunny,
VCV00010095/082021,ALLEXCHE45,7206.526638,8/20/2020 14:36,8/24/2020 18:36,8/20/2020 16:19,Early,Sunny,
VCV00010097/082021,ALLEXCHE45,6751.041138,8/20/2020 14:39,8/24/2020 18:39,8/20/2020 14:50,Early,Mist,
VCV00010102/082021,ALLEXCHE45,6506.878638,8/20/2020 14:42,8/24/2020 18:42,8/20/2020 14:49,Early,Sunny,
VCV00010029/082021,DMREXCHEUX,9989.844165,8/20/2020 14:05,8/24/2020 18:05,8/20/2020 14:19,Early,Sunny,
VCV00009664/082021,LUTGCCHE06,6821.724138,8/20/2020 6:29,8/24/2020 10:29,8/20/2020 17:22,Early,Sunny,
VCV00009368/082021,LUTGCCHE06,10627.76417,8/19/2020 19:00,8/23/2020 23:00,8/20/2020 14:37,Early,Sunny,
VCV00009207/082021,DMREXCHEUX,7644.528135,8/19/2020 17:44,8/23/2020 21:44,8/20/2020 14:01,Early,Sunny,
VCV00009657/082021,DMREXCHEUX,7293.480138,8/20/2020 1:47,8/24/2020 5:47,8/20/2020 14:03,Early,Partly cloudy,
VCV00009729/082021,ALLEXCHE45,7342.751655,8/20/2020 10:14,8/24/2020 14:14,8/20/2020 13:54,Early,Clear,
VCV00009647/082021,DMREXCHEUX,6884.401638,8/19/2020 23:31,8/24/2020 3:31,8/20/2020 13:01,Early,Sunny,
VCV00008961/082021,DMREXCHEUX,8051.91024,8/19/2020 13:33,8/23/2020 17:33,8/20/2020 13:03,Early,Patchy rain possible,
VCV00009279/082021,DMREXCHEUX,8467.62024,8/19/2020 18:22,8/23/2020 22:22,8/20/2020 12:31,Early,Sunny,
VCV00009018/082021,DMREXCHEUX,6373.511655,8/19/2020 14:33,8/23/2020 18:33,8/20/2020 12:33,Early,Sunny,
VCV00008766/082021,DMREXCHEUX,6035.825655,8/19/2020 9:30,8/23/2020 13:30,8/20/2020 12:33,Early,Mist,
VCV00009678/082021,DMREXCHEUX,7077.831138,8/20/2020 8:39,8/24/2020 12:39,8/20/2020 12:33,Early,Mist,
VCV00009731/082021,ALLEXCHE45,9109.192665,8/20/2020 10:21,8/24/2020 14:21,8/20/2020 12:38,Early,Patchy rain possible,
VCV00009851/082021,ALLEXCHE45,11419.56081,8/20/2020 11:34,8/24/2020 15:34,8/20/2020 12:38,Early,Partly cloudy,
AEIBK2026421,ALLEXCHE45,7562.828655,8/18/2020 16:16,8/22/2020 20:16,8/20/2020 12:06,Early,Sunny,
VCV00009631/082021,DMREXCHEUX,7782.238635,8/19/2020 22:40,8/24/2020 2:40,8/20/2020 11:48,Early,Sunny,
VCV00008379/082021,DMREXCHEUX,7245.721638,8/18/2020 14:41,8/22/2020 18:41,8/20/2020 11:48,Early,Patchy rain possible,
VCV00009858/082021,ALLEXCHE45,6825.036138,8/20/2020 11:38,8/24/2020 15:38,8/20/2020 11:49,Early,Sunny,
VCV00009846/082021,ALLEXCHE45,6087.388638,8/20/2020 11:32,8/24/2020 15:32,8/20/2020 11:51,Early,Sunny,
AEIBK2026544,ALLEXCHE45,8761.036665,8/19/2020 15:25,8/23/2020 19:25,8/20/2020 12:02,Early,Sunny,
VCV00009801/082021,ALLEXCHE45,6280.921638,8/20/2020 11:17,8/24/2020 15:17,8/20/2020 11:34,Early,Sunny,
VCV00009807/082021,ALLEXCHE45,9398.956665,8/20/2020 11:19,8/24/2020 15:19,8/20/2020 11:36,Early,Partly cloudy,
VCV00008967/082021,DMREXCHEUX,6734.471655,8/19/2020 13:36,8/23/2020 17:36,8/20/2020 11:30,Early,Patchy rain possible,
AEIBK2026547,ALLEXCHE45,8087.365635,8/19/2020 15:25,8/23/2020 19:25,8/20/2020 11:47,Early,Sunny,
VCV00009629/082021,DMREXCHEUX,7866.427635,8/19/2020 22:34,8/24/2020 2:34,8/20/2020 11:16,Early,Cloudy,
VCV00009745/082021,DMREXCHEUX,7309.354155,8/20/2020 10:41,8/24/2020 14:41,8/20/2020 11:04,Early,Sunny,
AEIBK2026567,ALLEXCHE45,7793.446635,8/19/2020 17:40,8/23/2020 21:40,8/20/2020 10:22,Early,Patchy rain possible,
VCV00009619/082021,DMREXCHEUX,8164.08774,8/19/2020 22:08,8/24/2020 2:08,8/20/2020 10:01,Early,Sunny,
VCV00007700/082021,ALLEXCHE45,6380.488155,8/17/2020 14:35,8/21/2020 18:35,8/20/2020 10:37,Early,Sunny,
VCV00009700/082021,DMREXCHEUX,7188.996138,8/20/2020 9:27,8/24/2020 13:27,8/20/2020 9:49,Early,Sunny,
VCV00009014/082021,ALLEXCHE45,10838.94767,8/19/2020 14:27,8/23/2020 18:27,8/20/2020 14:21,Early,Sunny,
MVCV0001061/082021,ALLEXCHE45,10963.078,8/19/2020 14:53,8/23/2020 18:53,8/20/2020 9:43,Early,Sunny,
MVCV0001054/082021,ALLEXCHE45,7473.908655,8/19/2020 11:10,8/23/2020 15:10,8/20/2020 12:36,Early,Sunny,
MVCV0000975/082021,ALLEXCHE45,7785.208635,8/18/2020 16:09,8/22/2020 20:09,8/20/2020 15:18,Early,Sunny,
VCV00008759/082021,TFEEXCHETB,6644.619138,8/19/2020 9:14,8/23/2020 13:14,8/20/2020 9:00,Early,Sunny,
VCV00008760/082021,TFEEXCHETB,7170.531138,8/19/2020 9:15,8/23/2020 13:15,8/20/2020 9:00,Early,Sunny,
VCV00008068/082021,DMREXCHEUX,10299.41417,8/18/2020 1:09,8/22/2020 5:09,8/20/2020 8:48,Early,Sunny,
VCV00009065/082021,DMREXCHEUX,6439.014138,8/19/2020 15:17,8/23/2020 19:17,8/20/2020 8:34,Early,Sunny,
VCV00009327/082021,DMREXCHEUX,10937.33417,8/19/2020 18:38,8/23/2020 22:38,8/20/2020 8:34,Early,Sunny,
VCV00009642/082021,DMREXCHEUX,6918.3431,8/19/2020 22:52,8/24/2020 2:52,8/20/2020 7:19,Early,Sunny,
VCV00009663/082021,LUTGCCHE06,7293.480138,8/20/2020 3:18,8/24/2020 7:18,8/20/2020 7:02,Early,Sunny,
VCV00009650/082021,LUTGCCHE06,6835.871655,8/19/2020 23:56,8/24/2020 3:56,8/20/2020 5:47,Early,Sunny,
VCV00009535/082021,LUTGCCHE06,6937.734138,8/19/2020 20:59,8/24/2020 0:59,8/20/2020 5:17,Early,Sunny,
VCV00009646/082021,DMREXCHEUX,7649.52774,8/19/2020 23:20,8/24/2020 3:20,8/20/2020 3:49,Early,Sunny,
VCV00008771/082021,DMREXCHEUX,7263.38424,8/19/2020 9:37,8/23/2020 13:37,8/20/2020 2:03,Early,Sunny,
VCV00008985/082021,DMREXCHEUX,6878.841138,8/19/2020 13:54,8/23/2020 17:54,8/20/2020 1:51,Early,Sunny,
VCV00008654/082021,DMREXCHEUX,10141.7101,8/18/2020 21:50,8/23/2020 1:50,8/20/2020 1:48,Early,Sunny,
VCV00009457/082021,DMREXCHEUX,8355.57474,8/19/2020 20:08,8/24/2020 0:08,8/20/2020 0:19,Early,Sunny,
VCV00008625/082021,DMREXCHEUX,7635.698603,8/18/2020 20:31,8/23/2020 0:31,8/19/2020 22:48,Early,Sunny,
VCV00009020/082021,DMREXCHEUX,6818.502068,8/19/2020 14:34,8/23/2020 18:34,8/19/2020 22:59,Early,Sunny,
VCV00006774/082021,DMREXCHEUX,6984.1586,8/14/2020 18:23,8/18/2020 22:23,8/20/2020 4:51,Delay,Patchy rain possible,
VCV00008061/082021,DMREXCHEUX,6749.097068,8/17/2020 23:43,8/22/2020 3:43,8/19/2020 22:18,Early,Cloudy,
VCV00008837/082021,DMREXCHEUX,10395.4201,8/19/2020 11:08,8/23/2020 15:08,8/19/2020 22:03,Early,Mist,
VCV00008054/082021,LUTGCCHE06,7483.4246,8/17/2020 22:40,8/22/2020 2:40,8/19/2020 22:46,Early,Sunny,
VCV00008334/082021,DMREXCHEUX,7861.994603,8/18/2020 13:37,8/22/2020 17:37,8/19/2020 21:34,Early,Sunny,
VCV00008659/082021,DMREXCHEUX,6955.084568,8/18/2020 22:14,8/23/2020 2:14,8/19/2020 21:11,Early,Mist,
VCV00009079/082021,DMREXCHEUX,8264.94474,8/19/2020 15:42,8/23/2020 19:42,8/19/2020 20:50,Early,Sunny,
VCV00009316/082021,LUTGCCHE06,8189.44674,8/19/2020 18:34,8/23/2020 22:34,8/19/2020 20:13,Early,Sunny,
VCV00009106/082021,LUTGCCHE06,6117.1211,8/19/2020 16:24,8/23/2020 20:24,8/19/2020 19:47,Early,Sunny,
VCV00008523/082021,DMREXCHEUX,9544.612598,8/18/2020 17:46,8/22/2020 21:46,8/19/2020 19:48,Early,Partly cloudy,
VCV00009180/082021,ALLEXCHE45,11173.048,8/19/2020 17:12,8/23/2020 21:12,8/19/2020 19:36,Early,Partly cloudy,
VCV00007982/082021,LUTGCCHE06,8394.94974,8/17/2020 19:56,8/21/2020 23:56,8/19/2020 19:32,Early,Sunny,
VCV00008455/082021,DMREXCHEUX,7573.021103,8/18/2020 16:17,8/22/2020 20:17,8/19/2020 19:07,Early,Sunny,
VCV00007914/082021,DMREXCHEUX,7101.822068,8/17/2020 17:48,8/21/2020 21:48,8/19/2020 18:51,Early,Sunny,
VCV00008793/082021,DMREXCHEUX,6756.6686,8/19/2020 10:11,8/23/2020 14:11,8/19/2020 18:36,Early,Cloudy,
VCV00008396/082021,DMREXCHEUX,6796.534568,8/18/2020 15:12,8/22/2020 19:12,8/19/2020 17:21,Early,Sunny,
VCV00009170/082021,ALLEXCHE45,9416.557598,8/19/2020 17:05,8/23/2020 21:05,8/19/2020 17:22,Early,Patchy rain possible,
VCV00007443/082021,DMREXCHEUX,7541.174603,8/17/2020 11:28,8/21/2020 15:28,8/19/2020 17:31,Early,Patchy rain possible,
VCV00009136/082021,ALLEXCHE45,7530.007103,8/19/2020 16:37,8/23/2020 20:37,8/19/2020 16:49,Early,Patchy rain possible,
VCV00008520/082021,DMREXCHEUX,7074.664568,8/18/2020 17:36,8/22/2020 21:36,8/19/2020 16:32,Early,Partly cloudy,
VCV00009087/082021,LUTGCCHE06,8529.63474,8/19/2020 15:53,8/23/2020 19:53,8/19/2020 16:46,Early,Partly cloudy,
VCV00008988/082021,LUTGCCHE06,7763.26674,8/19/2020 13:58,8/23/2020 17:58,8/19/2020 16:04,Early,Patchy rain possible,
VCV00009082/082021,ALLEXCHE45,6976.3211,8/19/2020 15:44,8/23/2020 19:44,8/19/2020 15:51,Early,Mist,
VCV00009062/082021,ALLEXCHE45,9162.847598,8/19/2020 15:15,8/23/2020 19:15,8/19/2020 15:39,Early,Partly cloudy,
VCV00009070/082021,ALLEXCHE45,11499.9055,8/19/2020 15:22,8/23/2020 19:22,8/19/2020 15:45,Early,Mist,
VCV00009073/082021,ALLEXCHE45,8955.17724,8/19/2020 15:26,8/23/2020 19:26,8/19/2020 15:37,Early,Patchy rain possible,
VCV00008876/082021,DMREXCHEUX,7785.061103,8/19/2020 11:44,8/23/2020 15:44,8/19/2020 15:06,Early,Sunny,
VCV00008732/082021,DMREXCHEUX,10502.72267,8/19/2020 8:08,8/23/2020 12:08,8/19/2020 15:06,Early,Sunny,
VCV00008669/082021,DMREXCHEUX,11972.99331,8/18/2020 22:45,8/23/2020 2:45,8/19/2020 15:05,Early,Sunny,
VCV00008953/082021,ALLEXCHE45,7619.206155,8/19/2020 13:28,8/23/2020 17:28,8/19/2020 14:35,Early,Patchy rain possible,
VCV00008960/082021,ALLEXCHE45,7679.788635,8/19/2020 13:32,8/23/2020 17:32,8/19/2020 14:25,Early,Sunny,
VCV00008979/082021,ALLEXCHE45,7172.754138,8/19/2020 13:46,8/23/2020 17:46,8/19/2020 14:06,Early,Sunny,
VCV00008855/082021,DMREXCHEUX,6969.951138,8/19/2020 11:20,8/23/2020 15:20,8/19/2020 13:50,Early,Sunny,
VCV00008955/082021,ALLEXCHE45,6712.198638,8/19/2020 13:30,8/23/2020 17:30,8/19/2020 13:50,Early,Sunny,
VCV00008517/082021,DMREXCHEUX,10154.56667,8/18/2020 17:27,8/22/2020 21:27,8/19/2020 13:50,Early,Sunny,
VCV00007987/082021,LUTGCCHE06,6833.259138,8/17/2020 20:25,8/22/2020 0:25,8/19/2020 14:43,Early,Partly cloudy,
VCV00008540/082021,LUTGCCHE06,10792.48667,8/18/2020 18:18,8/22/2020 22:18,8/19/2020 13:54,Early,Sunny,
VCV00008582/082021,LUTGCCHE06,7557.565635,8/18/2020 19:16,8/22/2020 23:16,8/19/2020 15:05,Early,Patchy rain possible,
VCV00008799/082021,DMREXCHEUX,7372.991655,8/19/2020 10:19,8/23/2020 14:19,8/19/2020 12:52,Early,Mist,
VCV00008895/082021,DMREXCHEUX,8150.22774,8/19/2020 12:13,8/23/2020 16:13,8/19/2020 12:20,Early,Sunny,
VCV00008868/082021,DMREXCHEUX,6811.091655,8/19/2020 11:34,8/23/2020 15:34,8/19/2020 12:20,Early,Mist,
VCV00008405/082021,DMREXCHEUX,6346.858155,8/18/2020 15:21,8/22/2020 19:21,8/19/2020 12:20,Early,Sunny,
AEIBK2024827,SCTGCMAD13,7267.311138,8/4/2020 17:16,8/8/2020 21:16,8/19/2020 18:00,Delay,Mist,
VCV00008136/082021,DMREXCHEUX,10338.00017,8/18/2020 9:32,8/22/2020 13:32,8/19/2020 11:02,Early,Sunny,
MVCV0000704/082021,ALLEXCHE45,11839.65831,8/13/2020 10:26,8/17/2020 14:26,8/19/2020 12:15,Delay,Sunny,
VCV00008350/082021,DMREXCHEUX,7785.718635,8/18/2020 14:00,8/22/2020 18:00,8/19/2020 10:48,Early,Sunny,
VCV00006504/082021,ALLEXCHE45,7206.526638,8/14/2020 14:02,8/18/2020 18:02,8/19/2020 15:57,Delay,Sunny,
VCV00006725/082021,ALLEXCHE45,6751.041138,8/14/2020 17:25,8/18/2020 21:25,8/19/2020 11:53,Delay,Sunny,
VCV00008531/082021,DMREXCHEUX,6506.878638,8/18/2020 17:59,8/22/2020 21:59,8/19/2020 10:33,Early,Sunny,
VCV00008777/082021,ALLEXCHE45,6821.724138,8/19/2020 9:46,8/23/2020 13:46,8/19/2020 10:06,Early,Sunny,
VCV00008782/082021,ALLEXCHE45,10627.76417,8/19/2020 9:55,8/23/2020 13:55,8/19/2020 10:13,Early,Sunny,
VCV00008507/082021,DMREXCHEUX,7644.528135,8/18/2020 17:21,8/22/2020 21:21,8/19/2020 10:03,Early,Mist,
VCV00008775/082021,ALLEXCHE45,7293.480138,8/19/2020 9:43,8/23/2020 13:43,8/19/2020 9:50,Early,Patchy rain possible,
VCV00008658/082021,DMREXCHEUX,7342.751655,8/18/2020 22:12,8/23/2020 2:12,8/19/2020 9:35,Early,Mist,
AEIBK2026042,SCTGCMAD13,6884.401638,8/13/2020 12:30,8/17/2020 16:30,8/19/2020 16:43,Delay,Mist,
VCV00007734/082021,DMREXCHEUX,8051.91024,8/17/2020 14:56,8/21/2020 18:56,8/19/2020 9:18,Early,Sunny,
VCV00008125/082021,TFEEXCHETB,8467.62024,8/18/2020 9:11,8/22/2020 13:11,8/19/2020 9:02,Early,Sunny,
VCV00008126/082021,TFEEXCHETB,6373.511655,8/18/2020 9:12,8/22/2020 13:12,8/19/2020 9:02,Early,Sunny,
VCV00008371/082021,DMREXCHEUX,9109.192665,8/18/2020 14:18,8/22/2020 18:18,8/19/2020 7:50,Early,Sunny,
AEIBK2026298,SCTGCMAD13,11419.56081,8/17/2020 20:42,8/22/2020 0:42,8/19/2020 8:03,Early,Sunny,
VCV00008633/082021,DMREXCHEUX,7562.828655,8/18/2020 20:49,8/23/2020 0:49,8/19/2020 5:20,Early,Sunny,
MVCV0000759/082021,PVEEXHOS12,7782.238635,8/13/2020 15:58,8/17/2020 19:58,8/19/2020 0:51,Delay,Sunny,
MVCV0000761/082021,ALLEXCHE45,7245.721638,8/13/2020 16:03,8/17/2020 19:58,8/19/2020 0:51,Delay,Sunny,
MVCV0000786/082021,LUTGCCHE06,6825.036138,8/13/2020 18:19,8/17/2020 19:58,8/19/2020 0:51,Delay,Sunny,
VCV00008067/082021,LUTGCCHE06,8761.036665,8/18/2020 1:09,8/17/2020 19:58,8/19/2020 0:51,Early,Sunny,
VCV00008341/082021,DMREXCHEUX,6280.921638,8/18/2020 13:45,8/17/2020 20:03,8/19/2020 0:57,Early,Sunny,
VCV00008634/082021,TELGCCHE03,9398.956665,8/18/2020 20:58,8/17/2020 22:19,8/19/2020 0:52,Early,Sunny,
VCV00008525/082021,DMREXCHEUX,8087.365635,8/18/2020 17:50,8/22/2020 5:09,8/19/2020 0:44,Early,Sunny,
VCV00007972/082021,DMREXCHEUX,7866.427635,8/17/2020 19:27,8/22/2020 17:45,8/18/2020 21:35,Early,Sunny,
VCV00007986/082021,LUTGCCHE06,7309.354155,8/17/2020 20:18,8/23/2020 0:58,8/18/2020 21:04,Early,Mist,
VCV00008510/082021,WABGCCHE17,7793.446635,8/18/2020 17:23,8/22/2020 21:50,8/18/2020 20:50,Early,Sunny,
AEIBK2025511,SCTGCMAD13,8164.08774,8/11/2020 9:18,8/21/2020 23:27,8/18/2020 20:36,Delay,Sunny,
AEIBK2025304,SCTGCMAD13,6380.488155,8/8/2020 16:07,8/22/2020 0:18,8/18/2020 23:06,Delay,Sunny,
VCV00008191/082021,DMREXCHEUX,7188.996138,8/18/2020 10:48,8/22/2020 21:23,8/19/2020 2:33,Early,Sunny,
MVCV0000965/082021,TMCGCCHE05,10838.94767,8/18/2020 15:13,8/15/2020 13:18,8/18/2020 22:23,Early,Sunny,
AEIBK2025571,SCTGCMAD13,10963.078,8/11/2020 14:44,8/12/2020 20:07,8/18/2020 21:36,Delay,Sunny,
