RoutesID,Origin_Location,Destination_Location,Market/Regular ,Planned_ETA,TRANSPORTATION_DISTANCE_IN_KM
,"TVSLSL-PUZHAL-HUB,CHENNAI,TAMIL NADU","ASHOK LEYLAND PLANT 1- HOSUR,HOSUR,KARNATAKA",Market,8/21/2020 18:59,320
,"DAIMLER INDIA COMMERCIAL VEHICLES,KANCHIPURAM,TAMIL NADU","DAIMLER INDIA COMMERCIAL VEHICLES,KANCHIPURAM,TAMIL NADU",Regular,8/31/2020 20:22,103
,"LUCAS TVS LTD-PONDY,PONDY,PONDICHERRY","LUCAS TVS LTD-PONDY,PONDY,PONDICHERRY",Regular,8/31/2020 21:59,300
,"ASHOK LEYLAND ENNORE,CHENNAI,TAMIL NADU","ASHOK LEYLAND PLANT 2-HOSUR,HOSUR,KARNATAKA",Market,9/1/2020 13:38,310
,"ASHOK LEYLAND PLANT 2-HOSUR,HOSUR,KARNATAKA","TVSLSL-PUZHAL-HUB,CHENNAI,TAMIL NADU",Regular,9/1/2020 14:16,570
,"LUCAS TVS LTD-AMBATTUR,CHENNAI,TAMIL NADU","LUCAS TVS LTD-PONDY,PONDY,PONDICHERRY",Regular,9/1/2020 0:50,170
,"ASHOK LEYLAND PLANT 2-HOSUR,HOSUR,KARNATAKA","ASHOK LEYLAND ENNORE,CHENNAI,TAMIL NADU",Regular,9/1/2020 14:30,560
,"TRACTORS & FARM EQUIPMENT LIMITED,KANCHIPURAM,TAMIL NADU","TRACTORS & FARMS EQUIPMENTS LIMITED,KANCHIPURAM,TAMIL NADU",Regular,9/1/2020 14:30,20
,"ASHOK LEYLAND ENNORE,CHENNAI,TAMIL NADU","ASHOK LEYLAND PLANT 1- HOSUR,HOSUR,KARNATAKA",Market,8/30/2020 15:19,310
,"LUCAS TVS LTD-PONDY,PONDY,PONDICHERRY","LUCAS TVS LTD-AMBATTUR,CHENNAI,TAMIL NADU",Regular,9/1/2020 3:30,175
,"Gopanapalli, Krishnagiri, Tamil Nadu","Kamarajnagar, Tiruvallur, Tamil Nadu",Regular,8/30/2020 22:39,365
,"Vellaripatti, Madurai, Tamil Nadu","Devalapura, Mysore, Karnataka",Regular,8/29/2020 17:21,525
,"Naickenpalayam, Coimbatore, Tamil Nadu","Mookandapalli, Krishnagiri, Tamil Nadu",Regular,8/30/2020 18:58,400
,"Gopanapalli, Krishnagiri, Tamil Nadu","Jagadambigainagar, Tiruvallur, Tamil Nadu",Regular,8/31/2020 23:41,310
,"Naickenpalayam, Coimbatore, Tamil Nadu","Kamarajnagar, Tiruvallur, Tamil Nadu",Regular,8/30/2020 19:03,530
,"PRAVEEN ENGINEERING INDUSTRIES,HOSUR,TAMIL NADU","SRI DEVI POWDER COATING INDUSTRIES,CHENNAI,TAMIL NADU",Market,8/30/2020 19:54,365
,"ASHOK LEYLAND PLANT 2-HOSUR,HOSUR,KARNATAKA","ASHOK LEYLAND PLANT 2-HOSUR,HOSUR,KARNATAKA",Regular,8/31/2020 20:20,110
,"ASHOK LEYLAND PLANT 1- HOSUR,HOSUR,KARNATAKA","TVSLSL-PUZHAL-HUB,CHENNAI,TAMIL NADU",Regular,8/31/2020 14:18,570
,"Pozhal, Tiruvallur, Tamil Nadu","Onnalvadi, Krishnagiri, Tamil Nadu",Regular,8/28/2020 19:45,535
,"Naickenpalayam, Coimbatore, Tamil Nadu","Onnalvadi, Krishnagiri, Tamil Nadu",Regular,8/30/2020 18:58,400
,"TVSLSL HUB MATHIGIRI,HOSUR,TAMIL NADU","TVSLSL HUB MATHIGIRI,HOSUR,TAMIL NADU",Regular,8/31/2020 13:49,890
,"TVS MOTOR COMPANY-HOSUR,Hosur,TAMIL NADU","WABCO INDIA LTD-AMBATTUR,CHENNAI,TAMIL NADU",Market,8/30/2020 22:18,620
,"WABCO INDIA LTD-AMBATTUR,CHENNAI,TAMIL NADU","WABCO INDIA LTD,HOSUR,TAMIL NADU",Regular,8/30/2020 21:23,325
,"Mookandapalli, Krishnagiri, Tamil Nadu","Athipattu, Tiruvallur, Tamil Nadu",Regular,8/30/2020 19:23,350
,"ASHOK LEYLAND PLANT 1- HOSUR,HOSUR,KARNATAKA","ASHOK LEYLAND ENNORE,CHENNAI,TAMIL NADU",Market,8/30/2020 20:13,365
,"TVSLSL-PUZHAL-HUB,CHENNAI,TAMIL NADU","TVSLSL-PUZHAL-HUB,CHENNAI,TAMIL NADU",Regular,8/30/2020 20:28,265
,"Pozhal, Tiruvallur, Tamil Nadu","Mookandapalli, Krishnagiri, Tamil Nadu",Regular,8/25/2020 18:00,570
,"JAY BHARAT MARUTI LTD,AHMEDABAD,GUJARAT","JAY BHARAT MARUTI LIMITED. (J-III-N),GURGAON,Haryana",Regular,8/28/2020 20:41,882
,"ASHOK LEYLAND ENNORE,CHENNAI,TAMIL NADU","ASHOK LEYLAND PARTS-HOSUR,HOSUR,TAMIL NADU",Regular,8/26/2020 12:43,350
,"ASHOK LEYLAND PARTS-HOSUR,HOSUR,TAMIL NADU","ASHOK LEYLAND ENNORE,CHENNAI,TAMIL NADU",Regular,8/24/2020 18:40,350
,"TURBO ENERGY LTD-PULIVALAM,VELLORE,TAMIL NADU","TURBO ENERGY LTD-PULIVALAM,VELLORE,TAMIL NADU",Regular,8/26/2020 1:37,300
,"TVS MOTOR COMPANY-HOSUR,Hosur,TAMIL NADU","TVSLSL-PUZHAL-HUB,CHENNAI,TAMIL NADU",Market,8/24/2020 14:01,325
,"Ramamurthy Nagar, Bangalore, Karnataka","Sahakaranagar P.O, Bangalore, Karnataka",Regular,8/14/2020 16:37,12
,"TVSLSL HUB MATHIGIRI,HOSUR,TAMIL NADU","ASHOK LEYLAND ENNORE,CHENNAI,TAMIL NADU",Market,8/22/2020 20:09,365
,"DAIMLER INDIA COMMERCIAL VEHICLES,KANCHIPURAM,TAMIL NADU","DAIMLER INDIA COMMERCIAL VEHICLES,KANCHIPURAM,TAMIL NADU",Regular,9/1/2020 4:48,61
,"LUCAS TVS LTD-PONDY,PONDY,PONDICHERRY","LUCAS TVS LTD-PONDY,PONDY,PONDICHERRY",Regular,9/1/2020 5:23,240
,"DAIMLER INDIA COMMERCIAL VEHICLES,KANCHIPURAM,TAMIL NADU","DAIMLER INDIA COMMERCIAL VEHICLES,KANCHIPURAM,TAMIL NADU",Regular,9/1/2020 6:14,70
,"DAIMLER INDIA COMMERCIAL VEHICLES,KANCHIPURAM,TAMIL NADU","DAIMLER INDIA COMMERCIAL VEHICLES,KANCHIPURAM,TAMIL NADU",Regular,9/1/2020 6:20,931
,"DAIMLER INDIA COMMERCIAL VEHICLES,KANCHIPURAM,TAMIL NADU","DAIMLER INDIA COMMERCIAL VEHICLES,KANCHIPURAM,TAMIL NADU",Regular,9/1/2020 13:22,20
,"DAIMLER INDIA COMMERCIAL VEHICLES,KANCHIPURAM,TAMIL NADU","DAIMLER INDIA COMMERCIAL VEHICLES,KANCHIPURAM,TAMIL NADU",Regular,9/1/2020 2:27,103
,"DAIMLER INDIA COMMERCIAL VEHICLES,KANCHIPURAM,TAMIL NADU","DAIMLER INDIA COMMERCIAL VEHICLES,KANCHIPURAM,TAMIL NADU",Regular,9/1/2020 5:35,3
,"DAIMLER INDIA COMMERCIAL VEHICLES,KANCHIPURAM,TAMIL NADU","DAIMLER INDIA COMMERCIAL VEHICLES,KANCHIPURAM,TAMIL NADU",Regular,9/1/2020 14:26,21
,"DAIMLER INDIA COMMERCIAL VEHICLES,KANCHIPURAM,TAMIL NADU","DAIMLER INDIA COMMERCIAL VEHICLES,KANCHIPURAM,TAMIL NADU",Regular,9/1/2020 14:23,15
,"DAIMLER INDIA COMMERCIAL VEHICLES,KANCHIPURAM,TAMIL NADU","DAIMLER INDIA COMMERCIAL VEHICLES,KANCHIPURAM,TAMIL NADU",Regular,9/1/2020 0:34,103
,"DAIMLER INDIA COMMERCIAL VEHICLES,KANCHIPURAM,TAMIL NADU","DAIMLER INDIA COMMERCIAL VEHICLES,KANCHIPURAM,TAMIL NADU",Regular,9/1/2020 1:00,103
,"LUCAS TVS LTD-PONDY,PONDY,PONDICHERRY","LUCAS TVS LTD-PONDY,PONDY,PONDICHERRY",Regular,9/1/2020 1:14,300
,"DAIMLER INDIA COMMERCIAL VEHICLES,KANCHIPURAM,TAMIL NADU","DAIMLER INDIA COMMERCIAL VEHICLES,KANCHIPURAM,TAMIL NADU",Regular,9/1/2020 7:09,104
,"DAIMLER INDIA COMMERCIAL VEHICLES,KANCHIPURAM,TAMIL NADU","DAIMLER INDIA COMMERCIAL VEHICLES,KANCHIPURAM,TAMIL NADU",Regular,9/1/2020 14:54,3
,"DAIMLER INDIA COMMERCIAL VEHICLES,KANCHIPURAM,TAMIL NADU","DAIMLER INDIA COMMERCIAL VEHICLES,KANCHIPURAM,TAMIL NADU",Regular,9/1/2020 16:04,20
,"DAIMLER INDIA COMMERCIAL VEHICLES,KANCHIPURAM,TAMIL NADU","DAIMLER INDIA COMMERCIAL VEHICLES,KANCHIPURAM,TAMIL NADU",Regular,9/1/2020 15:01,21
,"DAIMLER INDIA COMMERCIAL VEHICLES,KANCHIPURAM,TAMIL NADU","DAIMLER INDIA COMMERCIAL VEHICLES,KANCHIPURAM,TAMIL NADU",Regular,9/1/2020 15:12,21
,"DAIMLER INDIA COMMERCIAL VEHICLES,KANCHIPURAM,TAMIL NADU","DAIMLER INDIA COMMERCIAL VEHICLES,KANCHIPURAM,TAMIL NADU",Regular,9/1/2020 15:42,20
,"DAIMLER INDIA COMMERCIAL VEHICLES,KANCHIPURAM,TAMIL NADU","DAIMLER INDIA COMMERCIAL VEHICLES,KANCHIPURAM,TAMIL NADU",Regular,9/1/2020 15:43,21
,"DAIMLER INDIA COMMERCIAL VEHICLES,KANCHIPURAM,TAMIL NADU","DAIMLER INDIA COMMERCIAL VEHICLES,KANCHIPURAM,TAMIL NADU",Regular,9/1/2020 15:49,29
,"LUCAS TVS LTD-PONDY,PONDY,PONDICHERRY","LUCAS TVS LTD-PONDY,PONDY,PONDICHERRY",Regular,8/29/2020 21:31,300
,"DAIMLER INDIA COMMERCIAL VEHICLES,KANCHIPURAM,TAMIL NADU","DAIMLER INDIA COMMERCIAL VEHICLES,KANCHIPURAM,TAMIL NADU",Regular,8/30/2020 0:57,940
,"LUCAS TVS LTD-PONDY,PONDY,PONDICHERRY","LUCAS TVS LTD-PONDY,PONDY,PONDICHERRY",Regular,8/30/2020 14:09,300
,"DAIMLER INDIA COMMERCIAL VEHICLES,KANCHIPURAM,TAMIL NADU","DAIMLER INDIA COMMERCIAL VEHICLES,KANCHIPURAM,TAMIL NADU",Regular,8/30/2020 14:46,585
,"DAIMLER INDIA COMMERCIAL VEHICLES,KANCHIPURAM,TAMIL NADU","DAIMLER INDIA COMMERCIAL VEHICLES,KANCHIPURAM,TAMIL NADU",Regular,8/30/2020 15:51,3
,"DAIMLER INDIA COMMERCIAL VEHICLES,KANCHIPURAM,TAMIL NADU","DAIMLER INDIA COMMERCIAL VEHICLES,KANCHIPURAM,TAMIL NADU",Regular,8/30/2020 18:27,585
,"ASHOK LEYLAND ENNORE,CHENNAI,TAMIL NADU","ASHOK LEYLAND PLANT 2-HOSUR,HOSUR,KARNATAKA",Market,8/30/2020 21:06,310
,"LUCAS TVS LTD-AMBATTUR,CHENNAI,TAMIL NADU","LUCAS TVS LTD-PONDY,PONDY,PONDICHERRY",Market,8/30/2020 20:20,170
,"DAIMLER INDIA COMMERCIAL VEHICLES,KANCHIPURAM,TAMIL NADU","DAIMLER INDIA COMMERCIAL VEHICLES,KANCHIPURAM,TAMIL NADU",Regular,8/31/2020 0:46,103
,"DAIMLER INDIA COMMERCIAL VEHICLES,KANCHIPURAM,TAMIL NADU","DAIMLER INDIA COMMERCIAL VEHICLES,KANCHIPURAM,TAMIL NADU",Regular,8/31/2020 0:56,940
,"DAIMLER INDIA COMMERCIAL VEHICLES,KANCHIPURAM,TAMIL NADU","DAIMLER INDIA COMMERCIAL VEHICLES,KANCHIPURAM,TAMIL NADU",Regular,8/31/2020 2:32,20
,"ASHOK LEYLAND ENNORE,CHENNAI,TAMIL NADU","ASHOK LEYLAND PLANT 2-HOSUR,HOSUR,KARNATAKA",Regular,8/31/2020 15:27,320
,"LUCAS TVS LTD-PONDY,PONDY,PONDICHERRY","LUCAS TVS LTD-PONDY,PONDY,PONDICHERRY",Regular,8/31/2020 14:09,300
,"DAIMLER INDIA COMMERCIAL VEHICLES,KANCHIPURAM,TAMIL NADU","DAIMLER INDIA COMMERCIAL VEHICLES,KANCHIPURAM,TAMIL NADU",Regular,8/31/2020 12:57,660
,"DAIMLER INDIA COMMERCIAL VEHICLES,KANCHIPURAM,TAMIL NADU","DAIMLER INDIA COMMERCIAL VEHICLES,KANCHIPURAM,TAMIL NADU",Regular,8/31/2020 15:49,585
,"TVSLSL-PUZHAL-HUB,CHENNAI,TAMIL NADU","ASHOK LEYLAND PLANT 1- HOSUR,HOSUR,KARNATAKA",Market,8/31/2020 19:23,320
,"DAIMLER INDIA COMMERCIAL VEHICLES,KANCHIPURAM,TAMIL NADU","DAIMLER INDIA COMMERCIAL VEHICLES,KANCHIPURAM,TAMIL NADU",Regular,8/31/2020 19:33,585
,"LUCAS TVS LTD-AMBATTUR,CHENNAI,TAMIL NADU","LUCAS TVS LTD-PONDY,PONDY,PONDICHERRY",Regular,9/1/2020 1:51,170
,"LUCAS TVS LTD-PONDY,PONDY,PONDICHERRY","LUCAS TVS LTD-PONDY,PONDY,PONDICHERRY",Regular,9/1/2020 4:34,300
,"DAIMLER INDIA COMMERCIAL VEHICLES,KANCHIPURAM,TAMIL NADU","DAIMLER INDIA COMMERCIAL VEHICLES,KANCHIPURAM,TAMIL NADU",Regular,8/31/2020 19:07,103
,"TVSLSL-PUZHAL-HUB,CHENNAI,TAMIL NADU","ASHOK LEYLAND PLANT 1- HOSUR,HOSUR,KARNATAKA",Regular,8/31/2020 19:14,535
,"DAIMLER INDIA COMMERCIAL VEHICLES,KANCHIPURAM,TAMIL NADU","DAIMLER INDIA COMMERCIAL VEHICLES,KANCHIPURAM,TAMIL NADU",Regular,8/31/2020 19:23,585
,"ASHOK LEYLAND ENNORE,CHENNAI,TAMIL NADU","ASHOK LEYLAND PLANT 1- HOSUR,HOSUR,KARNATAKA",Market,9/1/2020 13:46,310
,"ASHOK LEYLAND ENNORE,CHENNAI,TAMIL NADU","ASHOK LEYLAND PLANT 1- HOSUR,HOSUR,KARNATAKA",Market,9/1/2020 13:48,310
,"DAIMLER INDIA COMMERCIAL VEHICLES,KANCHIPURAM,TAMIL NADU","DAIMLER INDIA COMMERCIAL VEHICLES,KANCHIPURAM,TAMIL NADU",Regular,9/1/2020 13:59,69
,"Vellaripatti, Madurai, Tamil Nadu","Devalapura, Mysore, Karnataka",Regular,8/29/2020 17:21,525
,"Vellaripatti, Madurai, Tamil Nadu","Devalapura, Mysore, Karnataka",Regular,8/29/2020 17:21,525
,"Vellaripatti, Madurai, Tamil Nadu","Devalapura, Mysore, Karnataka",Regular,8/31/2020 14:44,525
,"Vellaripatti, Madurai, Tamil Nadu","Devalapura, Mysore, Karnataka",Regular,8/26/2020 18:47,525
,"Vellaripatti, Madurai, Tamil Nadu","Devalapura, Mysore, Karnataka",Regular,8/27/2020 16:46,525
,"Vellaripatti, Madurai, Tamil Nadu","Devalapura, Mysore, Karnataka",Regular,8/27/2020 16:46,525
,"Vellaripatti, Madurai, Tamil Nadu","Devalapura, Mysore, Karnataka",Regular,8/26/2020 18:47,525
,"DAIMLER INDIA COMMERCIAL VEHICLES,KANCHIPURAM,TAMIL NADU","DAIMLER INDIA COMMERCIAL VEHICLES,KANCHIPURAM,TAMIL NADU",Regular,8/31/2020 19:21,29
,"DAIMLER INDIA COMMERCIAL VEHICLES,KANCHIPURAM,TAMIL NADU","DAIMLER INDIA COMMERCIAL VEHICLES,KANCHIPURAM,TAMIL NADU",Regular,8/31/2020 18:22,21
,"DAIMLER INDIA COMMERCIAL VEHICLES,KANCHIPURAM,TAMIL NADU","DAIMLER INDIA COMMERCIAL VEHICLES,KANCHIPURAM,TAMIL NADU",Regular,9/1/2020 4:32,20
,"Naickenpalayam, Coimbatore, Tamil Nadu","Mookandapalli, Krishnagiri, Tamil Nadu",Regular,8/29/2020 19:45,400
,"DAIMLER INDIA COMMERCIAL VEHICLES,KANCHIPURAM,TAMIL NADU","DAIMLER INDIA COMMERCIAL VEHICLES,KANCHIPURAM,TAMIL NADU",Regular,8/31/2020 19:05,21
,"DAIMLER INDIA COMMERCIAL VEHICLES,KANCHIPURAM,TAMIL NADU","DAIMLER INDIA COMMERCIAL VEHICLES,KANCHIPURAM,TAMIL NADU",Regular,8/31/2020 16:57,3
,"ASHOK LEYLAND ENNORE,CHENNAI,TAMIL NADU","ASHOK LEYLAND PLANT 2-HOSUR,HOSUR,KARNATAKA",Market,8/30/2020 15:17,310
,"ASHOK LEYLAND ENNORE,CHENNAI,TAMIL NADU","ASHOK LEYLAND PLANT 2-HOSUR,HOSUR,KARNATAKA",Regular,8/30/2020 15:35,310
,"ASHOK LEYLAND ENNORE,CHENNAI,TAMIL NADU","ASHOK LEYLAND PLANT 2-HOSUR,HOSUR,KARNATAKA",Market,8/30/2020 21:04,310
,"DAIMLER INDIA COMMERCIAL VEHICLES,KANCHIPURAM,TAMIL NADU","DAIMLER INDIA COMMERCIAL VEHICLES,KANCHIPURAM,TAMIL NADU",Regular,8/31/2020 14:09,15
,"DAIMLER INDIA COMMERCIAL VEHICLES,KANCHIPURAM,TAMIL NADU","DAIMLER INDIA COMMERCIAL VEHICLES,KANCHIPURAM,TAMIL NADU",Regular,8/31/2020 18:52,69
,"TRACTORS & FARM EQUIPMENT LIMITED,KANCHIPURAM,TAMIL NADU","TRACTORS & FARMS EQUIPMENTS LIMITED,KANCHIPURAM,TAMIL NADU",Regular,8/31/2020 13:26,20
,"TRACTORS & FARM EQUIPMENT LIMITED,KANCHIPURAM,TAMIL NADU","TRACTORS & FARMS EQUIPMENTS LIMITED,KANCHIPURAM,TAMIL NADU",Regular,8/31/2020 13:27,20
,"DAIMLER INDIA COMMERCIAL VEHICLES,KANCHIPURAM,TAMIL NADU","DAIMLER INDIA COMMERCIAL VEHICLES,KANCHIPURAM,TAMIL NADU",Regular,8/31/2020 17:37,20
,"DAIMLER INDIA COMMERCIAL VEHICLES,KANCHIPURAM,TAMIL NADU","DAIMLER INDIA COMMERCIAL VEHICLES,KANCHIPURAM,TAMIL NADU",Regular,9/1/2020 3:39,20
,"LUCAS TVS LTD-PONDY,PONDY,PONDICHERRY","LUCAS TVS LTD-AMBATTUR,CHENNAI,TAMIL NADU",Regular,9/1/2020 7:58,175
,"LUCAS TVS LTD-AMBATTUR,CHENNAI,TAMIL NADU","LUCAS TVS LTD-PONDY,PONDY,PONDICHERRY",Regular,9/1/2020 1:55,170
,"DAIMLER INDIA COMMERCIAL VEHICLES,KANCHIPURAM,TAMIL NADU","DAIMLER INDIA COMMERCIAL VEHICLES,KANCHIPURAM,TAMIL NADU",Regular,8/30/2020 22:36,69
,"DAIMLER INDIA COMMERCIAL VEHICLES,KANCHIPURAM,TAMIL NADU","DAIMLER INDIA COMMERCIAL VEHICLES,KANCHIPURAM,TAMIL NADU",Regular,8/30/2020 3:33,931
,"DAIMLER INDIA COMMERCIAL VEHICLES,KANCHIPURAM,TAMIL NADU","DAIMLER INDIA COMMERCIAL VEHICLES,KANCHIPURAM,TAMIL NADU",Regular,8/31/2020 15:51,70
,"DAIMLER INDIA COMMERCIAL VEHICLES,KANCHIPURAM,TAMIL NADU","DAIMLER INDIA COMMERCIAL VEHICLES,KANCHIPURAM,TAMIL NADU",Regular,9/1/2020 0:20,3
,"DAIMLER INDIA COMMERCIAL VEHICLES,KANCHIPURAM,TAMIL NADU","DAIMLER INDIA COMMERCIAL VEHICLES,KANCHIPURAM,TAMIL NADU",Regular,8/31/2020 15:48,61
,"DAIMLER INDIA COMMERCIAL VEHICLES,KANCHIPURAM,TAMIL NADU","DAIMLER INDIA COMMERCIAL VEHICLES,KANCHIPURAM,TAMIL NADU",Regular,9/1/2020 4:21,20
,"DAIMLER INDIA COMMERCIAL VEHICLES,KANCHIPURAM,TAMIL NADU","DAIMLER INDIA COMMERCIAL VEHICLES,KANCHIPURAM,TAMIL NADU",Regular,8/31/2020 15:36,20
,"DAIMLER INDIA COMMERCIAL VEHICLES,KANCHIPURAM,TAMIL NADU","DAIMLER INDIA COMMERCIAL VEHICLES,KANCHIPURAM,TAMIL NADU",Regular,8/31/2020 19:18,3
,"DAIMLER INDIA COMMERCIAL VEHICLES,KANCHIPURAM,TAMIL NADU","DAIMLER INDIA COMMERCIAL VEHICLES,KANCHIPURAM,TAMIL NADU",Regular,8/30/2020 20:12,103
,"LUCAS TVS LTD-PONDY,PONDY,PONDICHERRY","LUCAS TVS LTD-AMBATTUR,CHENNAI,TAMIL NADU",Regular,8/31/2020 19:58,175
,"LUCAS TVS LTD-PONDY,PONDY,PONDICHERRY","LUCAS TVS LTD-AMBATTUR,CHENNAI,TAMIL NADU",Regular,8/31/2020 18:46,175
,"LUCAS TVS LTD-PONDY,PONDY,PONDICHERRY","LUCAS TVS LTD-PONDY,PONDY,PONDICHERRY",Regular,8/31/2020 19:01,300
,"ASHOK LEYLAND PLANT 2-HOSUR,HOSUR,KARNATAKA","ASHOK LEYLAND PLANT 2-HOSUR,HOSUR,KARNATAKA",Regular,8/31/2020 20:12,110
,"ASHOK LEYLAND PLANT 2-HOSUR,HOSUR,KARNATAKA","ASHOK LEYLAND PLANT 2-HOSUR,HOSUR,KARNATAKA",Regular,8/31/2020 20:14,110
,"DAIMLER INDIA COMMERCIAL VEHICLES,KANCHIPURAM,TAMIL NADU","DAIMLER INDIA COMMERCIAL VEHICLES,KANCHIPURAM,TAMIL NADU",Regular,8/30/2020 22:06,104
,"DAIMLER INDIA COMMERCIAL VEHICLES,KANCHIPURAM,TAMIL NADU","DAIMLER INDIA COMMERCIAL VEHICLES,KANCHIPURAM,TAMIL NADU",Regular,8/31/2020 15:43,103
,"ASHOK LEYLAND ENNORE,CHENNAI,TAMIL NADU","ASHOK LEYLAND PLANT 2-HOSUR,HOSUR,KARNATAKA",Regular,8/30/2020 20:04,310
,"DAIMLER INDIA COMMERCIAL VEHICLES,KANCHIPURAM,TAMIL NADU","DAIMLER INDIA COMMERCIAL VEHICLES,KANCHIPURAM,TAMIL NADU",Regular,8/30/2020 0:54,585
,"DAIMLER INDIA COMMERCIAL VEHICLES,KANCHIPURAM,TAMIL NADU","DAIMLER INDIA COMMERCIAL VEHICLES,KANCHIPURAM,TAMIL NADU",Regular,8/31/2020 18:58,21
,"ASHOK LEYLAND PLANT 2-HOSUR,HOSUR,KARNATAKA","TVSLSL-PUZHAL-HUB,CHENNAI,TAMIL NADU",Regular,8/30/2020 21:19,570
,"DAIMLER INDIA COMMERCIAL VEHICLES,KANCHIPURAM,TAMIL NADU","DAIMLER INDIA COMMERCIAL VEHICLES,KANCHIPURAM,TAMIL NADU",Regular,8/30/2020 21:26,103
,"DAIMLER INDIA COMMERCIAL VEHICLES,KANCHIPURAM,TAMIL NADU","DAIMLER INDIA COMMERCIAL VEHICLES,KANCHIPURAM,TAMIL NADU",Regular,8/30/2020 23:49,21
,"DAIMLER INDIA COMMERCIAL VEHICLES,KANCHIPURAM,TAMIL NADU","DAIMLER INDIA COMMERCIAL VEHICLES,KANCHIPURAM,TAMIL NADU",Regular,8/29/2020 17:26,203
,"ASHOK LEYLAND PLANT 2-HOSUR,HOSUR,KARNATAKA","TVSLSL-PUZHAL-HUB,CHENNAI,TAMIL NADU",Regular,8/29/2020 14:11,570
,"PRAVEEN ENGINEERING INDUSTRIES,HOSUR,TAMIL NADU","SRI DEVI POWDER COATING INDUSTRIES,CHENNAI,TAMIL NADU",Regular,8/17/2020 18:41,365
,"LUCAS TVS LTD-AMBATTUR,CHENNAI,TAMIL NADU","LUCAS TVS LTD-PONDY,PONDY,PONDICHERRY",Regular,8/31/2020 18:12,170
,"LUCAS TVS LTD-AMBATTUR,CHENNAI,TAMIL NADU","LUCAS TVS LTD-PONDY,PONDY,PONDICHERRY",Regular,8/31/2020 0:20,170
,"LUCAS TVS LTD-AMBATTUR,CHENNAI,TAMIL NADU","LUCAS TVS LTD-PONDY,PONDY,PONDICHERRY",Regular,8/31/2020 1:08,170
,"DAIMLER INDIA COMMERCIAL VEHICLES,KANCHIPURAM,TAMIL NADU","DAIMLER INDIA COMMERCIAL VEHICLES,KANCHIPURAM,TAMIL NADU",Regular,8/31/2020 15:09,20
,"PRAVEEN ENGINEERING INDUSTRIES,HOSUR,TAMIL NADU","SRI DEVI POWDER COATING INDUSTRIES,CHENNAI,TAMIL NADU",Market,8/30/2020 19:31,365
,"LUCAS TVS LTD-PONDY,PONDY,PONDICHERRY","LUCAS TVS LTD-PONDY,PONDY,PONDICHERRY",Regular,8/31/2020 4:46,300
,"DAIMLER INDIA COMMERCIAL VEHICLES,KANCHIPURAM,TAMIL NADU","DAIMLER INDIA COMMERCIAL VEHICLES,KANCHIPURAM,TAMIL NADU",Regular,8/30/2020 22:50,3
,"Vellaripatti, Madurai, Tamil Nadu","Devalapura, Mysore, Karnataka",Regular,8/30/2020 20:15,525
,"DAIMLER INDIA COMMERCIAL VEHICLES,KANCHIPURAM,TAMIL NADU","DAIMLER INDIA COMMERCIAL VEHICLES,KANCHIPURAM,TAMIL NADU",Regular,8/30/2020 18:40,69
,"Vellaripatti, Madurai, Tamil Nadu","Devalapura, Mysore, Karnataka",Regular,8/24/2020 18:12,525
,"Gopanapalli, Krishnagiri, Tamil Nadu","Kamarajnagar, Tiruvallur, Tamil Nadu",Regular,8/30/2020 13:56,365
,"DAIMLER INDIA COMMERCIAL VEHICLES,KANCHIPURAM,TAMIL NADU","DAIMLER INDIA COMMERCIAL VEHICLES,KANCHIPURAM,TAMIL NADU",Regular,8/31/2020 4:40,21
,"ASHOK LEYLAND PLANT 2-HOSUR,HOSUR,KARNATAKA","ASHOK LEYLAND PLANT 2-HOSUR,HOSUR,KARNATAKA",Regular,8/31/2020 15:46,110
,"ASHOK LEYLAND PLANT 2-HOSUR,HOSUR,KARNATAKA","ASHOK LEYLAND PLANT 2-HOSUR,HOSUR,KARNATAKA",Regular,8/31/2020 15:49,110
,"ASHOK LEYLAND PLANT 2-HOSUR,HOSUR,KARNATAKA","ASHOK LEYLAND PLANT 2-HOSUR,HOSUR,KARNATAKA",Regular,8/31/2020 15:59,110
,"DAIMLER INDIA COMMERCIAL VEHICLES,KANCHIPURAM,TAMIL NADU","DAIMLER INDIA COMMERCIAL VEHICLES,KANCHIPURAM,TAMIL NADU",Regular,8/31/2020 15:29,20
,"ASHOK LEYLAND ENNORE,CHENNAI,TAMIL NADU","ASHOK LEYLAND PLANT 2-HOSUR,HOSUR,KARNATAKA",Market,8/17/2020 14:30,310
,"DAIMLER INDIA COMMERCIAL VEHICLES,KANCHIPURAM,TAMIL NADU","DAIMLER INDIA COMMERCIAL VEHICLES,KANCHIPURAM,TAMIL NADU",Regular,8/30/2020 23:53,61
,"DAIMLER INDIA COMMERCIAL VEHICLES,KANCHIPURAM,TAMIL NADU","DAIMLER INDIA COMMERCIAL VEHICLES,KANCHIPURAM,TAMIL NADU",Regular,8/30/2020 23:08,3
,"ASHOK LEYLAND PLANT 2-HOSUR,HOSUR,KARNATAKA","ASHOK LEYLAND PLANT 2-HOSUR,HOSUR,KARNATAKA",Regular,8/31/2020 15:14,110
,"ASHOK LEYLAND PLANT 2-HOSUR,HOSUR,KARNATAKA","ASHOK LEYLAND PLANT 2-HOSUR,HOSUR,KARNATAKA",Regular,8/31/2020 15:06,110
,"DAIMLER INDIA COMMERCIAL VEHICLES,KANCHIPURAM,TAMIL NADU","DAIMLER INDIA COMMERCIAL VEHICLES,KANCHIPURAM,TAMIL NADU",Regular,8/30/2020 15:18,70
,"DAIMLER INDIA COMMERCIAL VEHICLES,KANCHIPURAM,TAMIL NADU","DAIMLER INDIA COMMERCIAL VEHICLES,KANCHIPURAM,TAMIL NADU",Regular,8/30/2020 18:33,29
,"ASHOK LEYLAND PLANT 2-HOSUR,HOSUR,KARNATAKA","ASHOK LEYLAND PLANT 2-HOSUR,HOSUR,KARNATAKA",Regular,8/31/2020 14:51,110
,"ASHOK LEYLAND PLANT 2-HOSUR,HOSUR,KARNATAKA","ASHOK LEYLAND PLANT 2-HOSUR,HOSUR,KARNATAKA",Regular,8/31/2020 14:58,110
,"ASHOK LEYLAND PLANT 2-HOSUR,HOSUR,KARNATAKA","ASHOK LEYLAND PLANT 2-HOSUR,HOSUR,KARNATAKA",Regular,8/31/2020 14:58,110
,"ASHOK LEYLAND ENNORE,CHENNAI,TAMIL NADU","ASHOK LEYLAND PLANT 2-HOSUR,HOSUR,KARNATAKA",Regular,8/30/2020 19:13,310
,"DAIMLER INDIA COMMERCIAL VEHICLES,KANCHIPURAM,TAMIL NADU","DAIMLER INDIA COMMERCIAL VEHICLES,KANCHIPURAM,TAMIL NADU",Regular,8/30/2020 22:40,15
,"LUCAS TVS LTD-PONDY,PONDY,PONDICHERRY","LUCAS TVS LTD-PONDY,PONDY,PONDICHERRY",Regular,8/31/2020 1:09,300
,"LUCAS TVS LTD-PONDY,PONDY,PONDICHERRY","LUCAS TVS LTD-PONDY,PONDY,PONDICHERRY",Regular,8/31/2020 1:27,300
,"TRACTORS & FARM EQUIPMENT LIMITED,KANCHIPURAM,TAMIL NADU","TRACTORS & FARMS EQUIPMENTS LIMITED,KANCHIPURAM,TAMIL NADU",Regular,8/30/2020 13:12,20
,"TRACTORS & FARM EQUIPMENT LIMITED,KANCHIPURAM,TAMIL NADU","TRACTORS & FARMS EQUIPMENTS LIMITED,KANCHIPURAM,TAMIL NADU",Regular,8/30/2020 13:12,20
,"DAIMLER INDIA COMMERCIAL VEHICLES,KANCHIPURAM,TAMIL NADU","DAIMLER INDIA COMMERCIAL VEHICLES,KANCHIPURAM,TAMIL NADU",Regular,8/29/2020 4:13,660
,"LUCAS TVS LTD-PONDY,PONDY,PONDICHERRY","LUCAS TVS LTD-AMBATTUR,CHENNAI,TAMIL NADU",Regular,8/31/2020 3:45,175
,"DAIMLER INDIA COMMERCIAL VEHICLES,KANCHIPURAM,TAMIL NADU","DAIMLER INDIA COMMERCIAL VEHICLES,KANCHIPURAM,TAMIL NADU",Regular,8/30/2020 21:44,585
,"LUCAS TVS LTD-AMBATTUR,CHENNAI,TAMIL NADU","LUCAS TVS LTD-PONDY,PONDY,PONDICHERRY",Regular,8/31/2020 1:40,170
,"DAIMLER INDIA COMMERCIAL VEHICLES,KANCHIPURAM,TAMIL NADU","DAIMLER INDIA COMMERCIAL VEHICLES,KANCHIPURAM,TAMIL NADU",Regular,8/29/2020 4:26,585
,"LUCAS TVS LTD-PONDY,PONDY,PONDICHERRY","LUCAS TVS LTD-PONDY,PONDY,PONDICHERRY",Regular,8/31/2020 3:51,240
,"LUCAS TVS LTD-PONDY,PONDY,PONDICHERRY","LUCAS TVS LTD-PONDY,PONDY,PONDICHERRY",Regular,8/31/2020 3:28,300
,"DAIMLER INDIA COMMERCIAL VEHICLES,KANCHIPURAM,TAMIL NADU","DAIMLER INDIA COMMERCIAL VEHICLES,KANCHIPURAM,TAMIL NADU",Regular,8/31/2020 0:31,20
,"DAIMLER INDIA COMMERCIAL VEHICLES,KANCHIPURAM,TAMIL NADU","DAIMLER INDIA COMMERCIAL VEHICLES,KANCHIPURAM,TAMIL NADU",Regular,8/30/2020 19:06,21
,"DAIMLER INDIA COMMERCIAL VEHICLES,KANCHIPURAM,TAMIL NADU","DAIMLER INDIA COMMERCIAL VEHICLES,KANCHIPURAM,TAMIL NADU",Regular,8/29/2020 20:41,103
,"DAIMLER INDIA COMMERCIAL VEHICLES,KANCHIPURAM,TAMIL NADU","DAIMLER INDIA COMMERCIAL VEHICLES,KANCHIPURAM,TAMIL NADU",Regular,8/30/2020 0:59,21
,"DAIMLER INDIA COMMERCIAL VEHICLES,KANCHIPURAM,TAMIL NADU","DAIMLER INDIA COMMERCIAL VEHICLES,KANCHIPURAM,TAMIL NADU",Regular,8/30/2020 3:11,103
,"LUCAS TVS LTD-PONDY,PONDY,PONDICHERRY","LUCAS TVS LTD-PONDY,PONDY,PONDICHERRY",Regular,8/29/2020 2:44,300
,"DAIMLER INDIA COMMERCIAL VEHICLES,KANCHIPURAM,TAMIL NADU","DAIMLER INDIA COMMERCIAL VEHICLES,KANCHIPURAM,TAMIL NADU",Regular,8/28/2020 18:12,940
,"LUCAS TVS LTD-PONDY,PONDY,PONDICHERRY","LUCAS TVS LTD-AMBATTUR,CHENNAI,TAMIL NADU",Regular,8/29/2020 22:14,175
,"DAIMLER INDIA COMMERCIAL VEHICLES,KANCHIPURAM,TAMIL NADU","DAIMLER INDIA COMMERCIAL VEHICLES,KANCHIPURAM,TAMIL NADU",Regular,8/30/2020 21:12,20
,"DAIMLER INDIA COMMERCIAL VEHICLES,KANCHIPURAM,TAMIL NADU","DAIMLER INDIA COMMERCIAL VEHICLES,KANCHIPURAM,TAMIL NADU",Regular,8/29/2020 22:14,20
,"DAIMLER INDIA COMMERCIAL VEHICLES,KANCHIPURAM,TAMIL NADU","DAIMLER INDIA COMMERCIAL VEHICLES,KANCHIPURAM,TAMIL NADU",Regular,8/30/2020 11:38,61
,"DAIMLER INDIA COMMERCIAL VEHICLES,KANCHIPURAM,TAMIL NADU","DAIMLER INDIA COMMERCIAL VEHICLES,KANCHIPURAM,TAMIL NADU",Regular,8/30/2020 4:19,21
,"LUCAS TVS LTD-PONDY,PONDY,PONDICHERRY","LUCAS TVS LTD-AMBATTUR,CHENNAI,TAMIL NADU",Regular,8/30/2020 19:29,175
,"DAIMLER INDIA COMMERCIAL VEHICLES,KANCHIPURAM,TAMIL NADU","DAIMLER INDIA COMMERCIAL VEHICLES,KANCHIPURAM,TAMIL NADU",Regular,8/30/2020 17:24,20
,"DAIMLER INDIA COMMERCIAL VEHICLES,KANCHIPURAM,TAMIL NADU","DAIMLER INDIA COMMERCIAL VEHICLES,KANCHIPURAM,TAMIL NADU",Regular,8/30/2020 12:17,3
,"LUCAS TVS LTD-PONDY,PONDY,PONDICHERRY","LUCAS TVS LTD-PONDY,PONDY,PONDICHERRY",Regular,8/30/2020 21:32,300
,"DAIMLER INDIA COMMERCIAL VEHICLES,KANCHIPURAM,TAMIL NADU","DAIMLER INDIA COMMERCIAL VEHICLES,KANCHIPURAM,TAMIL NADU",Regular,8/30/2020 22:23,20
,"LUCAS TVS LTD-PONDY,PONDY,PONDICHERRY","LUCAS TVS LTD-AMBATTUR,CHENNAI,TAMIL NADU",Regular,8/30/2020 19:35,175
,"LUCAS TVS LTD-PONDY,PONDY,PONDICHERRY","LUCAS TVS LTD-AMBATTUR,CHENNAI,TAMIL NADU",Regular,8/30/2020 20:04,175
,"WABCO INDIA LTD-AMBATTUR,CHENNAI,TAMIL NADU","WABCO INDIA LTD,HOSUR,TAMIL NADU",Regular,8/30/2020 21:23,325
,"WABCO INDIA LTD-AMBATTUR,CHENNAI,TAMIL NADU","WABCO INDIA LTD,HOSUR,TAMIL NADU",Regular,8/30/2020 21:24,325
,"ASHOK LEYLAND PLANT 2-HOSUR,HOSUR,KARNATAKA","TVSLSL-PUZHAL-HUB,CHENNAI,TAMIL NADU",Regular,8/29/2020 14:15,570
,"DAIMLER INDIA COMMERCIAL VEHICLES,KANCHIPURAM,TAMIL NADU","DAIMLER INDIA COMMERCIAL VEHICLES,KANCHIPURAM,TAMIL NADU",Regular,8/30/2020 17:31,21
,"DAIMLER INDIA COMMERCIAL VEHICLES,KANCHIPURAM,TAMIL NADU","DAIMLER INDIA COMMERCIAL VEHICLES,KANCHIPURAM,TAMIL NADU",Regular,8/30/2020 13:48,20
,"DAIMLER INDIA COMMERCIAL VEHICLES,KANCHIPURAM,TAMIL NADU","DAIMLER INDIA COMMERCIAL VEHICLES,KANCHIPURAM,TAMIL NADU",Regular,8/30/2020 1:10,15
,"DAIMLER INDIA COMMERCIAL VEHICLES,KANCHIPURAM,TAMIL NADU","DAIMLER INDIA COMMERCIAL VEHICLES,KANCHIPURAM,TAMIL NADU",Regular,8/30/2020 6:20,3
,"DAIMLER INDIA COMMERCIAL VEHICLES,KANCHIPURAM,TAMIL NADU","DAIMLER INDIA COMMERCIAL VEHICLES,KANCHIPURAM,TAMIL NADU",Regular,8/30/2020 16:59,20
,"ASHOK LEYLAND PLANT 2-HOSUR,HOSUR,KARNATAKA","ASHOK LEYLAND PLANT 2-HOSUR,HOSUR,KARNATAKA",Regular,8/30/2020 19:36,110
,"ASHOK LEYLAND PLANT 2-HOSUR,HOSUR,KARNATAKA","ASHOK LEYLAND PLANT 2-HOSUR,HOSUR,KARNATAKA",Regular,8/30/2020 19:34,110
,"DAIMLER INDIA COMMERCIAL VEHICLES,KANCHIPURAM,TAMIL NADU","DAIMLER INDIA COMMERCIAL VEHICLES,KANCHIPURAM,TAMIL NADU",Regular,8/29/2020 15:15,103
,"DAIMLER INDIA COMMERCIAL VEHICLES,KANCHIPURAM,TAMIL NADU","DAIMLER INDIA COMMERCIAL VEHICLES,KANCHIPURAM,TAMIL NADU",Regular,8/29/2020 13:06,585
,"LUCAS TVS LTD-AMBATTUR,CHENNAI,TAMIL NADU","LUCAS TVS LTD-PONDY,PONDY,PONDICHERRY",Regular,8/29/2020 23:54,170
,"ASHOK LEYLAND PLANT 1- HOSUR,HOSUR,KARNATAKA","ASHOK LEYLAND ENNORE,CHENNAI,TAMIL NADU",Regular,8/30/2020 18:55,365
,"LUCAS TVS LTD-AMBATTUR,CHENNAI,TAMIL NADU","LUCAS TVS LTD-PONDY,PONDY,PONDICHERRY",Regular,8/30/2020 0:51,170
,"DAIMLER INDIA COMMERCIAL VEHICLES,KANCHIPURAM,TAMIL NADU","DAIMLER INDIA COMMERCIAL VEHICLES,KANCHIPURAM,TAMIL NADU",Regular,8/30/2020 16:33,21
,"DAIMLER INDIA COMMERCIAL VEHICLES,KANCHIPURAM,TAMIL NADU","DAIMLER INDIA COMMERCIAL VEHICLES,KANCHIPURAM,TAMIL NADU",Regular,8/29/2020 21:25,104
,"DAIMLER INDIA COMMERCIAL VEHICLES,KANCHIPURAM,TAMIL NADU","DAIMLER INDIA COMMERCIAL VEHICLES,KANCHIPURAM,TAMIL NADU",Regular,8/28/2020 23:13,585
,"ASHOK LEYLAND PLANT 2-HOSUR,HOSUR,KARNATAKA","ASHOK LEYLAND PLANT 2-HOSUR,HOSUR,KARNATAKA",Regular,8/30/2020 18:14,110
,"ASHOK LEYLAND PLANT 1- HOSUR,HOSUR,KARNATAKA","ASHOK LEYLAND ENNORE,CHENNAI,TAMIL NADU",Market,8/25/2020 16:46,365
,"ASHOK LEYLAND PLANT 2-HOSUR,HOSUR,KARNATAKA","ASHOK LEYLAND ENNORE,CHENNAI,TAMIL NADU",Regular,8/30/2020 13:30,560
,"DAIMLER INDIA COMMERCIAL VEHICLES,KANCHIPURAM,TAMIL NADU","DAIMLER INDIA COMMERCIAL VEHICLES,KANCHIPURAM,TAMIL NADU",Regular,8/30/2020 16:11,103
,"ASHOK LEYLAND PLANT 2-HOSUR,HOSUR,KARNATAKA","ASHOK LEYLAND ENNORE,CHENNAI,TAMIL NADU",Regular,8/30/2020 13:27,560
,"DAIMLER INDIA COMMERCIAL VEHICLES,KANCHIPURAM,TAMIL NADU","DAIMLER INDIA COMMERCIAL VEHICLES,KANCHIPURAM,TAMIL NADU",Regular,8/29/2020 17:43,20
,"DAIMLER INDIA COMMERCIAL VEHICLES,KANCHIPURAM,TAMIL NADU","DAIMLER INDIA COMMERCIAL VEHICLES,KANCHIPURAM,TAMIL NADU",Regular,8/29/2020 14:59,69
,"DAIMLER INDIA COMMERCIAL VEHICLES,KANCHIPURAM,TAMIL NADU","DAIMLER INDIA COMMERCIAL VEHICLES,KANCHIPURAM,TAMIL NADU",Market,8/30/2020 0:47,270
,"DAIMLER INDIA COMMERCIAL VEHICLES,KANCHIPURAM,TAMIL NADU","DAIMLER INDIA COMMERCIAL VEHICLES,KANCHIPURAM,TAMIL NADU",Regular,8/29/2020 16:30,103
,"DAIMLER INDIA COMMERCIAL VEHICLES,KANCHIPURAM,TAMIL NADU","DAIMLER INDIA COMMERCIAL VEHICLES,KANCHIPURAM,TAMIL NADU",Regular,8/29/2020 16:01,3
,"DAIMLER INDIA COMMERCIAL VEHICLES,KANCHIPURAM,TAMIL NADU","DAIMLER INDIA COMMERCIAL VEHICLES,KANCHIPURAM,TAMIL NADU",Regular,8/30/2020 3:59,29
,"ASHOK LEYLAND PLANT 2-HOSUR,HOSUR,KARNATAKA","ASHOK LEYLAND PLANT 2-HOSUR,HOSUR,KARNATAKA",Regular,8/30/2020 15:15,110
,"ASHOK LEYLAND PLANT 2-HOSUR,HOSUR,KARNATAKA","ASHOK LEYLAND PLANT 2-HOSUR,HOSUR,KARNATAKA",Regular,8/30/2020 14:57,110
,"ASHOK LEYLAND ENNORE,CHENNAI,TAMIL NADU","ASHOK LEYLAND PLANT 2-HOSUR,HOSUR,KARNATAKA",Market,8/30/2020 15:22,310
,"ASHOK LEYLAND PLANT 2-HOSUR,HOSUR,KARNATAKA","ASHOK LEYLAND PLANT 2-HOSUR,HOSUR,KARNATAKA",Regular,8/30/2020 15:15,110
,"Naickenpalayam, Coimbatore, Tamil Nadu","Mookandapalli, Krishnagiri, Tamil Nadu",Regular,8/24/2020 18:11,400
,"Naickenpalayam, Coimbatore, Tamil Nadu","Mookandapalli, Krishnagiri, Tamil Nadu",Regular,8/28/2020 15:56,400
,"ASHOK LEYLAND PLANT 2-HOSUR,HOSUR,KARNATAKA","ASHOK LEYLAND PLANT 2-HOSUR,HOSUR,KARNATAKA",Regular,8/30/2020 15:02,110
,"ASHOK LEYLAND PLANT 2-HOSUR,HOSUR,KARNATAKA","ASHOK LEYLAND PLANT 2-HOSUR,HOSUR,KARNATAKA",Regular,8/30/2020 15:03,110
,"ASHOK LEYLAND PLANT 2-HOSUR,HOSUR,KARNATAKA","ASHOK LEYLAND PLANT 2-HOSUR,HOSUR,KARNATAKA",Regular,8/30/2020 15:10,110
,"ASHOK LEYLAND PLANT 2-HOSUR,HOSUR,KARNATAKA","ASHOK LEYLAND PLANT 2-HOSUR,HOSUR,KARNATAKA",Regular,8/30/2020 14:59,110
,"DAIMLER INDIA COMMERCIAL VEHICLES,KANCHIPURAM,TAMIL NADU","DAIMLER INDIA COMMERCIAL VEHICLES,KANCHIPURAM,TAMIL NADU",Regular,8/28/2020 20:32,70
,"DAIMLER INDIA COMMERCIAL VEHICLES,KANCHIPURAM,TAMIL NADU","DAIMLER INDIA COMMERCIAL VEHICLES,KANCHIPURAM,TAMIL NADU",Regular,8/26/2020 5:47,585
,"ASHOK LEYLAND PLANT 2-HOSUR,HOSUR,KARNATAKA","ASHOK LEYLAND PLANT 2-HOSUR,HOSUR,KARNATAKA",Regular,8/30/2020 13:55,110
,"ASHOK LEYLAND ENNORE,CHENNAI,TAMIL NADU","ASHOK LEYLAND PLANT 2-HOSUR,HOSUR,KARNATAKA",Regular,8/28/2020 20:18,320
,"TRACTORS & FARM EQUIPMENT LIMITED,KANCHIPURAM,TAMIL NADU","TRACTORS & FARMS EQUIPMENTS LIMITED,KANCHIPURAM,TAMIL NADU",Regular,8/30/2020 12:59,20
,"TRACTORS & FARM EQUIPMENT LIMITED,KANCHIPURAM,TAMIL NADU","TRACTORS & FARMS EQUIPMENTS LIMITED,KANCHIPURAM,TAMIL NADU",Regular,8/29/2020 13:22,20
,"TRACTORS & FARM EQUIPMENT LIMITED,KANCHIPURAM,TAMIL NADU","TRACTORS & FARMS EQUIPMENTS LIMITED,KANCHIPURAM,TAMIL NADU",Regular,8/29/2020 13:23,20
,"DAIMLER INDIA COMMERCIAL VEHICLES,KANCHIPURAM,TAMIL NADU","DAIMLER INDIA COMMERCIAL VEHICLES,KANCHIPURAM,TAMIL NADU",Regular,8/30/2020 0:39,3
,"DAIMLER INDIA COMMERCIAL VEHICLES,KANCHIPURAM,TAMIL NADU","DAIMLER INDIA COMMERCIAL VEHICLES,KANCHIPURAM,TAMIL NADU",Regular,8/29/2020 5:45,720
,"DAIMLER INDIA COMMERCIAL VEHICLES,KANCHIPURAM,TAMIL NADU","DAIMLER INDIA COMMERCIAL VEHICLES,KANCHIPURAM,TAMIL NADU",Regular,8/30/2020 6:46,20
,"DAIMLER INDIA COMMERCIAL VEHICLES,KANCHIPURAM,TAMIL NADU","DAIMLER INDIA COMMERCIAL VEHICLES,KANCHIPURAM,TAMIL NADU",Regular,8/29/2020 18:49,61
,"DAIMLER INDIA COMMERCIAL VEHICLES,KANCHIPURAM,TAMIL NADU","DAIMLER INDIA COMMERCIAL VEHICLES,KANCHIPURAM,TAMIL NADU",Regular,8/30/2020 3:00,20
,"LUCAS TVS LTD-PONDY,PONDY,PONDICHERRY","LUCAS TVS LTD-PONDY,PONDY,PONDICHERRY",Regular,8/29/2020 6:17,300
,"DAIMLER INDIA COMMERCIAL VEHICLES,KANCHIPURAM,TAMIL NADU","DAIMLER INDIA COMMERCIAL VEHICLES,KANCHIPURAM,TAMIL NADU",Regular,8/30/2020 1:33,20
,"DAIMLER INDIA COMMERCIAL VEHICLES,KANCHIPURAM,TAMIL NADU","DAIMLER INDIA COMMERCIAL VEHICLES,KANCHIPURAM,TAMIL NADU",Regular,8/29/2020 20:28,3
,"LUCAS TVS LTD-AMBATTUR,CHENNAI,TAMIL NADU","LUCAS TVS LTD-PONDY,PONDY,PONDICHERRY",Regular,8/30/2020 0:46,170
,"DAIMLER INDIA COMMERCIAL VEHICLES,KANCHIPURAM,TAMIL NADU","DAIMLER INDIA COMMERCIAL VEHICLES,KANCHIPURAM,TAMIL NADU",Regular,8/30/2020 1:23,21
,"DAIMLER INDIA COMMERCIAL VEHICLES,KANCHIPURAM,TAMIL NADU","DAIMLER INDIA COMMERCIAL VEHICLES,KANCHIPURAM,TAMIL NADU",Regular,8/29/2020 19:20,21
,"DAIMLER INDIA COMMERCIAL VEHICLES,KANCHIPURAM,TAMIL NADU","DAIMLER INDIA COMMERCIAL VEHICLES,KANCHIPURAM,TAMIL NADU",Regular,8/29/2020 14:07,29
,"DAIMLER INDIA COMMERCIAL VEHICLES,KANCHIPURAM,TAMIL NADU","DAIMLER INDIA COMMERCIAL VEHICLES,KANCHIPURAM,TAMIL NADU",Regular,8/26/2020 18:28,931
,"DAIMLER INDIA COMMERCIAL VEHICLES,KANCHIPURAM,TAMIL NADU","DAIMLER INDIA COMMERCIAL VEHICLES,KANCHIPURAM,TAMIL NADU",Regular,8/29/2020 5:42,103
,"Vellaripatti, Madurai, Tamil Nadu","Devalapura, Mysore, Karnataka",Regular,8/24/2020 18:12,525
,"DAIMLER INDIA COMMERCIAL VEHICLES,KANCHIPURAM,TAMIL NADU","DAIMLER INDIA COMMERCIAL VEHICLES,KANCHIPURAM,TAMIL NADU",Market,8/30/2020 0:41,270
,"DAIMLER INDIA COMMERCIAL VEHICLES,KANCHIPURAM,TAMIL NADU","DAIMLER INDIA COMMERCIAL VEHICLES,KANCHIPURAM,TAMIL NADU",Regular,8/29/2020 5:53,3
,"DAIMLER INDIA COMMERCIAL VEHICLES,KANCHIPURAM,TAMIL NADU","DAIMLER INDIA COMMERCIAL VEHICLES,KANCHIPURAM,TAMIL NADU",Regular,8/28/2020 23:10,21
,"DAIMLER INDIA COMMERCIAL VEHICLES,KANCHIPURAM,TAMIL NADU","DAIMLER INDIA COMMERCIAL VEHICLES,KANCHIPURAM,TAMIL NADU",Regular,8/29/2020 12:20,15
,"DAIMLER INDIA COMMERCIAL VEHICLES,KANCHIPURAM,TAMIL NADU","DAIMLER INDIA COMMERCIAL VEHICLES,KANCHIPURAM,TAMIL NADU",Regular,8/29/2020 14:22,20
,"LUCAS TVS LTD-PONDY,PONDY,PONDICHERRY","LUCAS TVS LTD-AMBATTUR,CHENNAI,TAMIL NADU",Regular,8/29/2020 20:21,175
,"DAIMLER INDIA COMMERCIAL VEHICLES,KANCHIPURAM,TAMIL NADU","DAIMLER INDIA COMMERCIAL VEHICLES,KANCHIPURAM,TAMIL NADU",Regular,8/29/2020 15:59,20
,"DAIMLER INDIA COMMERCIAL VEHICLES,KANCHIPURAM,TAMIL NADU","DAIMLER INDIA COMMERCIAL VEHICLES,KANCHIPURAM,TAMIL NADU",Regular,8/28/2020 20:42,20
,"DAIMLER INDIA COMMERCIAL VEHICLES,KANCHIPURAM,TAMIL NADU","DAIMLER INDIA COMMERCIAL VEHICLES,KANCHIPURAM,TAMIL NADU",Regular,8/29/2020 18:55,20
,"Pozhal, Tiruvallur, Tamil Nadu","Mookandapalli, Krishnagiri, Tamil Nadu",Regular,8/25/2020 21:03,535
,"LUCAS TVS LTD-PONDY,PONDY,PONDICHERRY","LUCAS TVS LTD-PONDY,PONDY,PONDICHERRY",Regular,8/28/2020 13:48,300
,"DAIMLER INDIA COMMERCIAL VEHICLES,KANCHIPURAM,TAMIL NADU","DAIMLER INDIA COMMERCIAL VEHICLES,KANCHIPURAM,TAMIL NADU",Regular,8/29/2020 16:15,104
,"Pozhal, Tiruvallur, Tamil Nadu","Onnalvadi, Krishnagiri, Tamil Nadu",Regular,8/24/2020 22:54,535
,"Pozhal, Tiruvallur, Tamil Nadu","Mookandapalli, Krishnagiri, Tamil Nadu",Regular,8/21/2020 22:39,535
,"ASHOK LEYLAND PLANT 2-HOSUR,HOSUR,KARNATAKA","ASHOK LEYLAND ENNORE,CHENNAI,TAMIL NADU",Regular,8/29/2020 14:19,560
,"DAIMLER INDIA COMMERCIAL VEHICLES,KANCHIPURAM,TAMIL NADU","DAIMLER INDIA COMMERCIAL VEHICLES,KANCHIPURAM,TAMIL NADU",Regular,8/28/2020 21:48,103
,"PRAVEEN ENGINEERING INDUSTRIES,HOSUR,TAMIL NADU","SRI DEVI POWDER COATING INDUSTRIES,CHENNAI,TAMIL NADU",Market,8/24/2020 15:33,365
,"DAIMLER INDIA COMMERCIAL VEHICLES,KANCHIPURAM,TAMIL NADU","DAIMLER INDIA COMMERCIAL VEHICLES,KANCHIPURAM,TAMIL NADU",Regular,8/29/2020 5:16,3
,"DAIMLER INDIA COMMERCIAL VEHICLES,KANCHIPURAM,TAMIL NADU","DAIMLER INDIA COMMERCIAL VEHICLES,KANCHIPURAM,TAMIL NADU",Regular,8/28/2020 17:25,21
,"ASHOK LEYLAND PLANT 2-HOSUR,HOSUR,KARNATAKA","ASHOK LEYLAND PLANT 2-HOSUR,HOSUR,KARNATAKA",Regular,8/29/2020 18:25,110
,"ASHOK LEYLAND PLANT 2-HOSUR,HOSUR,KARNATAKA","ASHOK LEYLAND PLANT 2-HOSUR,HOSUR,KARNATAKA",Regular,8/29/2020 18:27,110
,"ASHOK LEYLAND PLANT 2-HOSUR,HOSUR,KARNATAKA","ASHOK LEYLAND PLANT 2-HOSUR,HOSUR,KARNATAKA",Regular,8/29/2020 18:33,110
,"ASHOK LEYLAND PLANT 2-HOSUR,HOSUR,KARNATAKA","ASHOK LEYLAND PLANT 2-HOSUR,HOSUR,KARNATAKA",Regular,8/29/2020 19:11,110
,"ASHOK LEYLAND PLANT 2-HOSUR,HOSUR,KARNATAKA","ASHOK LEYLAND PLANT 2-HOSUR,HOSUR,KARNATAKA",Regular,8/29/2020 18:53,110
,"DAIMLER INDIA COMMERCIAL VEHICLES,KANCHIPURAM,TAMIL NADU","DAIMLER INDIA COMMERCIAL VEHICLES,KANCHIPURAM,TAMIL NADU",Regular,8/23/2020 23:47,940
,"ASHOK LEYLAND PLANT 2-HOSUR,HOSUR,KARNATAKA","ASHOK LEYLAND PLANT 2-HOSUR,HOSUR,KARNATAKA",Regular,8/29/2020 18:47,110
,"ASHOK LEYLAND PLANT 2-HOSUR,HOSUR,KARNATAKA","ASHOK LEYLAND PLANT 2-HOSUR,HOSUR,KARNATAKA",Regular,8/29/2020 18:51,110
,"DAIMLER INDIA COMMERCIAL VEHICLES,KANCHIPURAM,TAMIL NADU","DAIMLER INDIA COMMERCIAL VEHICLES,KANCHIPURAM,TAMIL NADU",Regular,8/29/2020 11:48,21
,"DAIMLER INDIA COMMERCIAL VEHICLES,KANCHIPURAM,TAMIL NADU","DAIMLER INDIA COMMERCIAL VEHICLES,KANCHIPURAM,TAMIL NADU",Regular,8/28/2020 22:55,61
,"LUCAS TVS LTD-AMBATTUR,CHENNAI,TAMIL NADU","LUCAS TVS LTD-PONDY,PONDY,PONDICHERRY",Regular,8/29/2020 0:22,170
,"LUCAS TVS LTD-AMBATTUR,CHENNAI,TAMIL NADU","LUCAS TVS LTD-PONDY,PONDY,PONDICHERRY",Regular,8/29/2020 1:19,170
,"DAIMLER INDIA COMMERCIAL VEHICLES,KANCHIPURAM,TAMIL NADU","DAIMLER INDIA COMMERCIAL VEHICLES,KANCHIPURAM,TAMIL NADU",Regular,8/28/2020 17:47,21
,"ASHOK LEYLAND ENNORE,CHENNAI,TAMIL NADU","ASHOK LEYLAND PLANT 2-HOSUR,HOSUR,KARNATAKA",Market,8/29/2020 15:34,310
,"ASHOK LEYLAND PLANT 1- HOSUR,HOSUR,KARNATAKA","ASHOK LEYLAND ENNORE,CHENNAI,TAMIL NADU",Market,8/29/2020 13:34,365
,"Naickenpalayam, Coimbatore, Tamil Nadu","Mookandapalli, Krishnagiri, Tamil Nadu",Regular,8/28/2020 18:30,400
,"ASHOK LEYLAND PLANT 2-HOSUR,HOSUR,KARNATAKA","ASHOK LEYLAND PLANT 2-HOSUR,HOSUR,KARNATAKA",Regular,8/29/2020 16:12,110
,"Naickenpalayam, Coimbatore, Tamil Nadu","Kamarajnagar, Tiruvallur, Tamil Nadu",Regular,8/28/2020 18:31,530
,"ASHOK LEYLAND PLANT 2-HOSUR,HOSUR,KARNATAKA","ASHOK LEYLAND PLANT 2-HOSUR,HOSUR,KARNATAKA",Regular,8/29/2020 16:11,110
,"ASHOK LEYLAND PLANT 2-HOSUR,HOSUR,KARNATAKA","ASHOK LEYLAND PLANT 2-HOSUR,HOSUR,KARNATAKA",Regular,8/29/2020 15:57,110
,"DAIMLER INDIA COMMERCIAL VEHICLES,KANCHIPURAM,TAMIL NADU","DAIMLER INDIA COMMERCIAL VEHICLES,KANCHIPURAM,TAMIL NADU",Regular,8/28/2020 17:45,69
,"DAIMLER INDIA COMMERCIAL VEHICLES,KANCHIPURAM,TAMIL NADU","DAIMLER INDIA COMMERCIAL VEHICLES,KANCHIPURAM,TAMIL NADU",Regular,8/28/2020 17:53,3
,"ASHOK LEYLAND PLANT 2-HOSUR,HOSUR,KARNATAKA","ASHOK LEYLAND PLANT 2-HOSUR,HOSUR,KARNATAKA",Regular,8/29/2020 15:15,110
,"ASHOK LEYLAND PLANT 2-HOSUR,HOSUR,KARNATAKA","ASHOK LEYLAND PLANT 2-HOSUR,HOSUR,KARNATAKA",Regular,8/29/2020 15:00,110
,"ASHOK LEYLAND PLANT 2-HOSUR,HOSUR,KARNATAKA","ASHOK LEYLAND PLANT 2-HOSUR,HOSUR,KARNATAKA",Regular,8/29/2020 15:11,110
,"DAIMLER INDIA COMMERCIAL VEHICLES,KANCHIPURAM,TAMIL NADU","DAIMLER INDIA COMMERCIAL VEHICLES,KANCHIPURAM,TAMIL NADU",Regular,8/28/2020 17:32,29
,"DAIMLER INDIA COMMERCIAL VEHICLES,KANCHIPURAM,TAMIL NADU","DAIMLER INDIA COMMERCIAL VEHICLES,KANCHIPURAM,TAMIL NADU",Regular,8/28/2020 21:49,103
,"DAIMLER INDIA COMMERCIAL VEHICLES,KANCHIPURAM,TAMIL NADU","DAIMLER INDIA COMMERCIAL VEHICLES,KANCHIPURAM,TAMIL NADU",Regular,8/29/2020 13:51,20
,"DAIMLER INDIA COMMERCIAL VEHICLES,KANCHIPURAM,TAMIL NADU","DAIMLER INDIA COMMERCIAL VEHICLES,KANCHIPURAM,TAMIL NADU",Regular,8/28/2020 23:39,29
,"ASHOK LEYLAND PLANT 2-HOSUR,HOSUR,KARNATAKA","TVSLSL-PUZHAL-HUB,CHENNAI,TAMIL NADU",Regular,8/24/2020 19:58,570
,"DAIMLER INDIA COMMERCIAL VEHICLES,KANCHIPURAM,TAMIL NADU","DAIMLER INDIA COMMERCIAL VEHICLES,KANCHIPURAM,TAMIL NADU",Regular,8/28/2020 19:44,585
,"ASHOK LEYLAND ENNORE,CHENNAI,TAMIL NADU","ASHOK LEYLAND PLANT 2-HOSUR,HOSUR,KARNATAKA",Regular,8/28/2020 19:12,310
,"DAIMLER INDIA COMMERCIAL VEHICLES,KANCHIPURAM,TAMIL NADU","DAIMLER INDIA COMMERCIAL VEHICLES,KANCHIPURAM,TAMIL NADU",Regular,8/26/2020 7:08,585
,"DAIMLER INDIA COMMERCIAL VEHICLES,KANCHIPURAM,TAMIL NADU","DAIMLER INDIA COMMERCIAL VEHICLES,KANCHIPURAM,TAMIL NADU",Regular,8/28/2020 20:50,15
,"DAIMLER INDIA COMMERCIAL VEHICLES,KANCHIPURAM,TAMIL NADU","DAIMLER INDIA COMMERCIAL VEHICLES,KANCHIPURAM,TAMIL NADU",Regular,8/28/2020 18:19,21
,"DAIMLER INDIA COMMERCIAL VEHICLES,KANCHIPURAM,TAMIL NADU","DAIMLER INDIA COMMERCIAL VEHICLES,KANCHIPURAM,TAMIL NADU",Regular,8/29/2020 5:48,20
,"LUCAS TVS LTD-PONDY,PONDY,PONDICHERRY","LUCAS TVS LTD-AMBATTUR,CHENNAI,TAMIL NADU",Regular,8/29/2020 5:13,175
,"LUCAS TVS LTD-AMBATTUR,CHENNAI,TAMIL NADU","LUCAS TVS LTD-PONDY,PONDY,PONDICHERRY",Regular,8/29/2020 1:14,170
,"LUCAS TVS LTD-PONDY,PONDY,PONDICHERRY","LUCAS TVS LTD-AMBATTUR,CHENNAI,TAMIL NADU",Regular,8/29/2020 3:09,175
,"LUCAS TVS LTD-PONDY,PONDY,PONDICHERRY","LUCAS TVS LTD-PONDY,PONDY,PONDICHERRY",Regular,8/28/2020 10:46,300
,"DAIMLER INDIA COMMERCIAL VEHICLES,KANCHIPURAM,TAMIL NADU","DAIMLER INDIA COMMERCIAL VEHICLES,KANCHIPURAM,TAMIL NADU",Regular,8/28/2020 21:26,3
,"DAIMLER INDIA COMMERCIAL VEHICLES,KANCHIPURAM,TAMIL NADU","DAIMLER INDIA COMMERCIAL VEHICLES,KANCHIPURAM,TAMIL NADU",Regular,8/28/2020 19:14,20
,"DAIMLER INDIA COMMERCIAL VEHICLES,KANCHIPURAM,TAMIL NADU","DAIMLER INDIA COMMERCIAL VEHICLES,KANCHIPURAM,TAMIL NADU",Regular,8/28/2020 18:07,103
,"LUCAS TVS LTD-AMBATTUR,CHENNAI,TAMIL NADU","LUCAS TVS LTD-PONDY,PONDY,PONDICHERRY",Regular,8/28/2020 18:25,170
,"DAIMLER INDIA COMMERCIAL VEHICLES,KANCHIPURAM,TAMIL NADU","DAIMLER INDIA COMMERCIAL VEHICLES,KANCHIPURAM,TAMIL NADU",Regular,8/28/2020 19:34,3
,"Naickenpalayam, Coimbatore, Tamil Nadu","Mookandapalli, Krishnagiri, Tamil Nadu",Regular,8/22/2020 20:13,400
,"DAIMLER INDIA COMMERCIAL VEHICLES,KANCHIPURAM,TAMIL NADU","DAIMLER INDIA COMMERCIAL VEHICLES,KANCHIPURAM,TAMIL NADU",Regular,8/24/2020 22:58,585
,"DAIMLER INDIA COMMERCIAL VEHICLES,KANCHIPURAM,TAMIL NADU","DAIMLER INDIA COMMERCIAL VEHICLES,KANCHIPURAM,TAMIL NADU",Regular,8/23/2020 22:53,660
,"DAIMLER INDIA COMMERCIAL VEHICLES,KANCHIPURAM,TAMIL NADU","DAIMLER INDIA COMMERCIAL VEHICLES,KANCHIPURAM,TAMIL NADU",Regular,8/29/2020 3:35,20
,"DAIMLER INDIA COMMERCIAL VEHICLES,KANCHIPURAM,TAMIL NADU","DAIMLER INDIA COMMERCIAL VEHICLES,KANCHIPURAM,TAMIL NADU",Regular,8/28/2020 22:13,20
,"LUCAS TVS LTD-AMBATTUR,CHENNAI,TAMIL NADU","LUCAS TVS LTD-PONDY,PONDY,PONDICHERRY",Regular,8/28/2020 23:26,170
,"DAIMLER INDIA COMMERCIAL VEHICLES,KANCHIPURAM,TAMIL NADU","DAIMLER INDIA COMMERCIAL VEHICLES,KANCHIPURAM,TAMIL NADU",Regular,8/28/2020 23:16,5
,"DAIMLER INDIA COMMERCIAL VEHICLES,KANCHIPURAM,TAMIL NADU","DAIMLER INDIA COMMERCIAL VEHICLES,KANCHIPURAM,TAMIL NADU",Regular,8/28/2020 11:56,29
,"DAIMLER INDIA COMMERCIAL VEHICLES,KANCHIPURAM,TAMIL NADU","DAIMLER INDIA COMMERCIAL VEHICLES,KANCHIPURAM,TAMIL NADU",Regular,8/28/2020 16:59,104
,"DAIMLER INDIA COMMERCIAL VEHICLES,KANCHIPURAM,TAMIL NADU","DAIMLER INDIA COMMERCIAL VEHICLES,KANCHIPURAM,TAMIL NADU",Regular,8/28/2020 22:22,21
,"LUCAS TVS LTD-PONDY,PONDY,PONDICHERRY","LUCAS TVS LTD-PONDY,PONDY,PONDICHERRY",Regular,8/27/2020 23:13,240
,"LUCAS TVS LTD-PONDY,PONDY,PONDICHERRY","LUCAS TVS LTD-PONDY,PONDY,PONDICHERRY",Regular,8/25/2020 1:45,300
,"ASHOK LEYLAND PLANT 2-HOSUR,HOSUR,KARNATAKA","ASHOK LEYLAND PLANT 2-HOSUR,HOSUR,KARNATAKA",Regular,8/28/2020 21:38,110
,"LUCAS TVS LTD-AMBATTUR,CHENNAI,TAMIL NADU","LUCAS TVS LTD-PONDY,PONDY,PONDICHERRY",Regular,8/28/2020 18:28,170
,"ASHOK LEYLAND PLANT 2-HOSUR,HOSUR,KARNATAKA","ASHOK LEYLAND PLANT 2-HOSUR,HOSUR,KARNATAKA",Regular,8/28/2020 21:27,110
,"DAIMLER INDIA COMMERCIAL VEHICLES,KANCHIPURAM,TAMIL NADU","DAIMLER INDIA COMMERCIAL VEHICLES,KANCHIPURAM,TAMIL NADU",Regular,8/25/2020 19:24,103
,"Vellaripatti, Madurai, Tamil Nadu","Devalapura, Mysore, Karnataka",Regular,8/23/2020 20:17,525
,"ASHOK LEYLAND PLANT 2-HOSUR,HOSUR,KARNATAKA","ASHOK LEYLAND PLANT 2-HOSUR,HOSUR,KARNATAKA",Regular,8/28/2020 20:35,110
,"ASHOK LEYLAND PLANT 2-HOSUR,HOSUR,KARNATAKA","ASHOK LEYLAND PLANT 2-HOSUR,HOSUR,KARNATAKA",Regular,8/28/2020 20:30,110
,"WABCO INDIA LTD-AMBATTUR,CHENNAI,TAMIL NADU","WABCO INDIA LTD,HOSUR,TAMIL NADU",Regular,8/28/2020 20:40,325
,"WABCO INDIA LTD-AMBATTUR,CHENNAI,TAMIL NADU","WABCO INDIA LTD,HOSUR,TAMIL NADU",Regular,8/28/2020 20:43,325
,"WABCO INDIA LTD-AMBATTUR,CHENNAI,TAMIL NADU","WABCO INDIA LTD,HOSUR,TAMIL NADU",Regular,8/28/2020 20:44,325
,"DAIMLER INDIA COMMERCIAL VEHICLES,KANCHIPURAM,TAMIL NADU","DAIMLER INDIA COMMERCIAL VEHICLES,KANCHIPURAM,TAMIL NADU",Regular,8/28/2020 13:00,3
,"DAIMLER INDIA COMMERCIAL VEHICLES,KANCHIPURAM,TAMIL NADU","DAIMLER INDIA COMMERCIAL VEHICLES,KANCHIPURAM,TAMIL NADU",Regular,8/26/2020 7:57,20
,"DAIMLER INDIA COMMERCIAL VEHICLES,KANCHIPURAM,TAMIL NADU","DAIMLER INDIA COMMERCIAL VEHICLES,KANCHIPURAM,TAMIL NADU",Regular,8/25/2020 17:14,103
,"DAIMLER INDIA COMMERCIAL VEHICLES,KANCHIPURAM,TAMIL NADU","DAIMLER INDIA COMMERCIAL VEHICLES,KANCHIPURAM,TAMIL NADU",Regular,8/26/2020 7:55,940
,"DAIMLER INDIA COMMERCIAL VEHICLES,KANCHIPURAM,TAMIL NADU","DAIMLER INDIA COMMERCIAL VEHICLES,KANCHIPURAM,TAMIL NADU",Regular,8/28/2020 12:00,21
,"DAIMLER INDIA COMMERCIAL VEHICLES,KANCHIPURAM,TAMIL NADU","DAIMLER INDIA COMMERCIAL VEHICLES,KANCHIPURAM,TAMIL NADU",Regular,8/28/2020 18:42,20
,"Vellaripatti, Madurai, Tamil Nadu","Devalapura, Mysore, Karnataka",Regular,8/22/2020 16:50,525
,"DAIMLER INDIA COMMERCIAL VEHICLES,KANCHIPURAM,TAMIL NADU","DAIMLER INDIA COMMERCIAL VEHICLES,KANCHIPURAM,TAMIL NADU",Regular,8/26/2020 6:28,3
,"TVSLSL-PUZHAL-HUB,CHENNAI,TAMIL NADU","TVSLSL-PUZHAL-HUB,CHENNAI,TAMIL NADU",Regular,8/28/2020 19:11,265
,"DAIMLER INDIA COMMERCIAL VEHICLES,KANCHIPURAM,TAMIL NADU","DAIMLER INDIA COMMERCIAL VEHICLES,KANCHIPURAM,TAMIL NADU",Regular,8/25/2020 18:17,940
,"DAIMLER INDIA COMMERCIAL VEHICLES,KANCHIPURAM,TAMIL NADU","DAIMLER INDIA COMMERCIAL VEHICLES,KANCHIPURAM,TAMIL NADU",Regular,8/28/2020 11:58,21
,"ASHOK LEYLAND ENNORE,CHENNAI,TAMIL NADU","ASHOK LEYLAND PLANT 1- HOSUR,HOSUR,KARNATAKA",Market,8/26/2020 12:07,310
,"DAIMLER INDIA COMMERCIAL VEHICLES,KANCHIPURAM,TAMIL NADU","DAIMLER INDIA COMMERCIAL VEHICLES,KANCHIPURAM,TAMIL NADU",Regular,8/26/2020 7:37,69
,"DAIMLER INDIA COMMERCIAL VEHICLES,KANCHIPURAM,TAMIL NADU","DAIMLER INDIA COMMERCIAL VEHICLES,KANCHIPURAM,TAMIL NADU",Regular,8/26/2020 7:40,3
,"Pozhal, Tiruvallur, Tamil Nadu","Onnalvadi, Krishnagiri, Tamil Nadu",Regular,8/25/2020 20:21,535
,"Pozhal, Tiruvallur, Tamil Nadu","Mookandapalli, Krishnagiri, Tamil Nadu",Regular,8/25/2020 20:46,535
,"DAIMLER INDIA COMMERCIAL VEHICLES,KANCHIPURAM,TAMIL NADU","DAIMLER INDIA COMMERCIAL VEHICLES,KANCHIPURAM,TAMIL NADU",Regular,8/26/2020 3:35,21
,"Pozhal, Tiruvallur, Tamil Nadu","Onnalvadi, Krishnagiri, Tamil Nadu",Regular,8/23/2020 22:11,535
,"Naickenpalayam, Coimbatore, Tamil Nadu","Onnalvadi, Krishnagiri, Tamil Nadu",Regular,8/28/2020 15:56,400
,"DAIMLER INDIA COMMERCIAL VEHICLES,KANCHIPURAM,TAMIL NADU","DAIMLER INDIA COMMERCIAL VEHICLES,KANCHIPURAM,TAMIL NADU",Regular,8/25/2020 19:31,104
,"Gopanapalli, Krishnagiri, Tamil Nadu","Jagadambigainagar, Tiruvallur, Tamil Nadu",Regular,8/25/2020 19:27,310
,"DAIMLER INDIA COMMERCIAL VEHICLES,KANCHIPURAM,TAMIL NADU","DAIMLER INDIA COMMERCIAL VEHICLES,KANCHIPURAM,TAMIL NADU",Regular,8/25/2020 19:58,20
,"DAIMLER INDIA COMMERCIAL VEHICLES,KANCHIPURAM,TAMIL NADU","DAIMLER INDIA COMMERCIAL VEHICLES,KANCHIPURAM,TAMIL NADU",Regular,8/25/2020 17:16,103
,"LUCAS TVS LTD-PONDY,PONDY,PONDICHERRY","LUCAS TVS LTD-AMBATTUR,CHENNAI,TAMIL NADU",Regular,8/28/2020 3:35,175
,"LUCAS TVS LTD-PONDY,PONDY,PONDICHERRY","LUCAS TVS LTD-AMBATTUR,CHENNAI,TAMIL NADU",Regular,8/27/2020 2:13,175
,"TRACTORS & FARM EQUIPMENT LIMITED,KANCHIPURAM,TAMIL NADU","TRACTORS & FARMS EQUIPMENTS LIMITED,KANCHIPURAM,TAMIL NADU",Regular,8/28/2020 13:51,20
,"TRACTORS & FARM EQUIPMENT LIMITED,KANCHIPURAM,TAMIL NADU","TRACTORS & FARMS EQUIPMENTS LIMITED,KANCHIPURAM,TAMIL NADU",Regular,8/28/2020 13:51,20
,"TRACTORS & FARM EQUIPMENT LIMITED,KANCHIPURAM,TAMIL NADU","TRACTORS & FARMS EQUIPMENTS LIMITED,KANCHIPURAM,TAMIL NADU",Regular,8/28/2020 13:44,20
,"TRACTORS & FARM EQUIPMENT LIMITED,KANCHIPURAM,TAMIL NADU","TRACTORS & FARMS EQUIPMENTS LIMITED,KANCHIPURAM,TAMIL NADU",Regular,8/28/2020 13:44,20
,"LUCAS TVS LTD-PONDY,PONDY,PONDICHERRY","LUCAS TVS LTD-PONDY,PONDY,PONDICHERRY",Regular,8/25/2020 21:54,300
,"TRACTORS & FARM EQUIPMENT LIMITED,KANCHIPURAM,TAMIL NADU","TRACTORS & FARMS EQUIPMENTS LIMITED,KANCHIPURAM,TAMIL NADU",Regular,8/25/2020 13:12,20
,"ASHOK LEYLAND ENNORE,CHENNAI,TAMIL NADU","ASHOK LEYLAND PLANT 2-HOSUR,HOSUR,KARNATAKA",Regular,8/26/2020 12:41,310
,"DAIMLER INDIA COMMERCIAL VEHICLES,KANCHIPURAM,TAMIL NADU","DAIMLER INDIA COMMERCIAL VEHICLES,KANCHIPURAM,TAMIL NADU",Regular,8/26/2020 2:26,3
,"DAIMLER INDIA COMMERCIAL VEHICLES,KANCHIPURAM,TAMIL NADU","DAIMLER INDIA COMMERCIAL VEHICLES,KANCHIPURAM,TAMIL NADU",Regular,8/24/2020 23:34,585
,"LUCAS TVS LTD-PONDY,PONDY,PONDICHERRY","LUCAS TVS LTD-PONDY,PONDY,PONDICHERRY",Regular,8/27/2020 1:00,300
,"LUCAS TVS LTD-PONDY,PONDY,PONDICHERRY","LUCAS TVS LTD-AMBATTUR,CHENNAI,TAMIL NADU",Regular,8/27/2020 2:43,175
,"LUCAS TVS LTD-PONDY,PONDY,PONDICHERRY","LUCAS TVS LTD-AMBATTUR,CHENNAI,TAMIL NADU",Regular,8/28/2020 0:53,175
,"ASHOK LEYLAND ENNORE,CHENNAI,TAMIL NADU","ASHOK LEYLAND PLANT 1- HOSUR,HOSUR,KARNATAKA",Regular,8/22/2020 18:35,310
,"Vellaripatti, Madurai, Tamil Nadu","Devalapura, Mysore, Karnataka",Regular,8/19/2020 15:32,525
,"Vellaripatti, Madurai, Tamil Nadu","Devalapura, Mysore, Karnataka",Regular,8/17/2020 16:30,525
,"Pozhal, Tiruvallur, Tamil Nadu","Onnalvadi, Krishnagiri, Tamil Nadu",Regular,8/21/2020 21:52,535
,"LUCAS TVS LTD-PONDY,PONDY,PONDICHERRY","LUCAS TVS LTD-PONDY,PONDY,PONDICHERRY",Regular,8/27/2020 1:58,300
,"ASHOK LEYLAND PLANT 2-HOSUR,HOSUR,KARNATAKA","ASHOK LEYLAND ENNORE,CHENNAI,TAMIL NADU",Regular,8/23/2020 21:24,560
,"LUCAS TVS LTD-PONDY,PONDY,PONDICHERRY","LUCAS TVS LTD-PONDY,PONDY,PONDICHERRY",Regular,8/24/2020 1:30,240
,"LUCAS TVS LTD-AMBATTUR,CHENNAI,TAMIL NADU","LUCAS TVS LTD-PONDY,PONDY,PONDICHERRY",Regular,8/26/2020 17:31,170
,"LUCAS TVS LTD-PONDY,PONDY,PONDICHERRY","LUCAS TVS LTD-PONDY,PONDY,PONDICHERRY",Regular,8/25/2020 18:29,300
,"LUCAS TVS LTD-PONDY,PONDY,PONDICHERRY","LUCAS TVS LTD-AMBATTUR,CHENNAI,TAMIL NADU",Regular,8/26/2020 18:27,175
,"LUCAS TVS LTD-PONDY,PONDY,PONDICHERRY","LUCAS TVS LTD-AMBATTUR,CHENNAI,TAMIL NADU",Regular,8/26/2020 15:24,175
,"DAIMLER INDIA COMMERCIAL VEHICLES,KANCHIPURAM,TAMIL NADU","DAIMLER INDIA COMMERCIAL VEHICLES,KANCHIPURAM,TAMIL NADU",Regular,8/24/2020 15:20,931
,"LUCAS TVS LTD-AMBATTUR,CHENNAI,TAMIL NADU","LUCAS TVS LTD-PONDY,PONDY,PONDICHERRY",Regular,8/25/2020 23:15,170
,"LUCAS TVS LTD-AMBATTUR,CHENNAI,TAMIL NADU","LUCAS TVS LTD-PONDY,PONDY,PONDICHERRY",Regular,8/26/2020 0:31,170
,"LUCAS TVS LTD-PONDY,PONDY,PONDICHERRY","LUCAS TVS LTD-PONDY,PONDY,PONDICHERRY",Regular,8/26/2020 8:58,300
,"Vellaripatti, Madurai, Tamil Nadu","Devalapura, Mysore, Karnataka",Regular,8/22/2020 16:50,525
,"ASHOK LEYLAND ENNORE,CHENNAI,TAMIL NADU","ASHOK LEYLAND PLANT 2-HOSUR,HOSUR,KARNATAKA",Market,8/22/2020 18:52,310
,"LUCAS TVS LTD-AMBATTUR,CHENNAI,TAMIL NADU","LUCAS TVS LTD-PONDY,PONDY,PONDICHERRY",Regular,8/25/2020 23:13,170
,"LUCAS TVS LTD-AMBATTUR,CHENNAI,TAMIL NADU","LUCAS TVS LTD-PONDY,PONDY,PONDICHERRY",Regular,8/25/2020 23:17,170
,"DAIMLER INDIA COMMERCIAL VEHICLES,KANCHIPURAM,TAMIL NADU","DAIMLER INDIA COMMERCIAL VEHICLES,KANCHIPURAM,TAMIL NADU",Regular,8/24/2020 2:23,585
,"DAIMLER INDIA COMMERCIAL VEHICLES,KANCHIPURAM,TAMIL NADU","DAIMLER INDIA COMMERCIAL VEHICLES,KANCHIPURAM,TAMIL NADU",Regular,8/25/2020 21:51,3
,"DAIMLER INDIA COMMERCIAL VEHICLES,KANCHIPURAM,TAMIL NADU","DAIMLER INDIA COMMERCIAL VEHICLES,KANCHIPURAM,TAMIL NADU",Regular,8/25/2020 23:47,29
,"DAIMLER INDIA COMMERCIAL VEHICLES,KANCHIPURAM,TAMIL NADU","DAIMLER INDIA COMMERCIAL VEHICLES,KANCHIPURAM,TAMIL NADU",Regular,8/24/2020 18:58,585
,"LUCAS TVS LTD-PONDY,PONDY,PONDICHERRY","LUCAS TVS LTD-AMBATTUR,CHENNAI,TAMIL NADU",Regular,8/26/2020 3:46,175
,"DAIMLER INDIA COMMERCIAL VEHICLES,KANCHIPURAM,TAMIL NADU","DAIMLER INDIA COMMERCIAL VEHICLES,KANCHIPURAM,TAMIL NADU",Regular,8/25/2020 17:43,21
,"ASHOK LEYLAND ENNORE,CHENNAI,TAMIL NADU","ASHOK LEYLAND PLANT 2-HOSUR,HOSUR,KARNATAKA",Regular,8/24/2020 15:14,310
,"DAIMLER INDIA COMMERCIAL VEHICLES,KANCHIPURAM,TAMIL NADU","DAIMLER INDIA COMMERCIAL VEHICLES,KANCHIPURAM,TAMIL NADU",Regular,8/25/2020 4:50,70
,"DAIMLER INDIA COMMERCIAL VEHICLES,KANCHIPURAM,TAMIL NADU","DAIMLER INDIA COMMERCIAL VEHICLES,KANCHIPURAM,TAMIL NADU",Regular,8/24/2020 18:22,3
,"DAIMLER INDIA COMMERCIAL VEHICLES,KANCHIPURAM,TAMIL NADU","DAIMLER INDIA COMMERCIAL VEHICLES,KANCHIPURAM,TAMIL NADU",Regular,8/25/2020 21:43,20
,"DAIMLER INDIA COMMERCIAL VEHICLES,KANCHIPURAM,TAMIL NADU","DAIMLER INDIA COMMERCIAL VEHICLES,KANCHIPURAM,TAMIL NADU",Regular,8/25/2020 19:37,21
,"DAIMLER INDIA COMMERCIAL VEHICLES,KANCHIPURAM,TAMIL NADU","DAIMLER INDIA COMMERCIAL VEHICLES,KANCHIPURAM,TAMIL NADU",Regular,8/25/2020 18:49,103
,"Vellaripatti, Madurai, Tamil Nadu","Devalapura, Mysore, Karnataka",Regular,8/19/2020 15:32,525
,"LUCAS TVS LTD-PONDY,PONDY,PONDICHERRY","LUCAS TVS LTD-PONDY,PONDY,PONDICHERRY",Regular,8/25/2020 1:46,300
,"DAIMLER INDIA COMMERCIAL VEHICLES,KANCHIPURAM,TAMIL NADU","DAIMLER INDIA COMMERCIAL VEHICLES,KANCHIPURAM,TAMIL NADU",Regular,8/25/2020 5:03,15
,"Vellaripatti, Madurai, Tamil Nadu","Devalapura, Mysore, Karnataka",Regular,8/15/2020 18:44,525
,"LUCAS TVS LTD-PONDY,PONDY,PONDICHERRY","LUCAS TVS LTD-AMBATTUR,CHENNAI,TAMIL NADU",Regular,8/25/2020 19:38,175
,"DAIMLER INDIA COMMERCIAL VEHICLES,KANCHIPURAM,TAMIL NADU","DAIMLER INDIA COMMERCIAL VEHICLES,KANCHIPURAM,TAMIL NADU",Regular,8/25/2020 17:44,20
,"DAIMLER INDIA COMMERCIAL VEHICLES,KANCHIPURAM,TAMIL NADU","DAIMLER INDIA COMMERCIAL VEHICLES,KANCHIPURAM,TAMIL NADU",Regular,8/25/2020 15:00,29
,"LUCAS TVS LTD-AMBATTUR,CHENNAI,TAMIL NADU","LUCAS TVS LTD-PONDY,PONDY,PONDICHERRY",Regular,8/24/2020 20:04,170
,"DAIMLER INDIA COMMERCIAL VEHICLES,KANCHIPURAM,TAMIL NADU","DAIMLER INDIA COMMERCIAL VEHICLES,KANCHIPURAM,TAMIL NADU",Regular,8/25/2020 15:10,20
,"LUCAS TVS LTD-PONDY,PONDY,PONDICHERRY","LUCAS TVS LTD-AMBATTUR,CHENNAI,TAMIL NADU",Regular,8/25/2020 17:58,175
,"LUCAS TVS LTD-PONDY,PONDY,PONDICHERRY","LUCAS TVS LTD-PONDY,PONDY,PONDICHERRY",Regular,8/25/2020 17:08,300
,"ASHOK LEYLAND PLANT 2-HOSUR,HOSUR,KARNATAKA","ASHOK LEYLAND ENNORE,CHENNAI,TAMIL NADU",Regular,8/24/2020 21:25,560
,"DAIMLER INDIA COMMERCIAL VEHICLES,KANCHIPURAM,TAMIL NADU","DAIMLER INDIA COMMERCIAL VEHICLES,KANCHIPURAM,TAMIL NADU",Regular,8/24/2020 22:34,104
,"DAIMLER INDIA COMMERCIAL VEHICLES,KANCHIPURAM,TAMIL NADU","DAIMLER INDIA COMMERCIAL VEHICLES,KANCHIPURAM,TAMIL NADU",Regular,8/25/2020 0:05,21
,"DAIMLER INDIA COMMERCIAL VEHICLES,KANCHIPURAM,TAMIL NADU","DAIMLER INDIA COMMERCIAL VEHICLES,KANCHIPURAM,TAMIL NADU",Regular,8/24/2020 12:49,20
,"DAIMLER INDIA COMMERCIAL VEHICLES,KANCHIPURAM,TAMIL NADU","DAIMLER INDIA COMMERCIAL VEHICLES,KANCHIPURAM,TAMIL NADU",Regular,8/24/2020 23:19,3
,"DAIMLER INDIA COMMERCIAL VEHICLES,KANCHIPURAM,TAMIL NADU","DAIMLER INDIA COMMERCIAL VEHICLES,KANCHIPURAM,TAMIL NADU",Regular,8/24/2020 23:37,197
,"ASHOK LEYLAND PLANT 2-HOSUR,HOSUR,KARNATAKA","ASHOK LEYLAND ENNORE,CHENNAI,TAMIL NADU",Regular,8/24/2020 21:25,560
,"DAIMLER INDIA COMMERCIAL VEHICLES,KANCHIPURAM,TAMIL NADU","DAIMLER INDIA COMMERCIAL VEHICLES,KANCHIPURAM,TAMIL NADU",Regular,8/25/2020 4:40,3
,"ASHOK LEYLAND PLANT 2-HOSUR,HOSUR,KARNATAKA","TVSLSL-PUZHAL-HUB,CHENNAI,TAMIL NADU",Regular,8/24/2020 19:52,570
,"TVSLSL-PUZHAL-HUB,CHENNAI,TAMIL NADU","TVSLSL-PUZHAL-HUB,CHENNAI,TAMIL NADU",Regular,8/25/2020 19:34,265
,"DAIMLER INDIA COMMERCIAL VEHICLES,KANCHIPURAM,TAMIL NADU","DAIMLER INDIA COMMERCIAL VEHICLES,KANCHIPURAM,TAMIL NADU",Regular,8/24/2020 1:40,203
,"DAIMLER INDIA COMMERCIAL VEHICLES,KANCHIPURAM,TAMIL NADU","DAIMLER INDIA COMMERCIAL VEHICLES,KANCHIPURAM,TAMIL NADU",Regular,8/25/2020 12:11,21
,"DAIMLER INDIA COMMERCIAL VEHICLES,KANCHIPURAM,TAMIL NADU","DAIMLER INDIA COMMERCIAL VEHICLES,KANCHIPURAM,TAMIL NADU",Regular,8/24/2020 14:02,69
,"DAIMLER INDIA COMMERCIAL VEHICLES,KANCHIPURAM,TAMIL NADU","DAIMLER INDIA COMMERCIAL VEHICLES,KANCHIPURAM,TAMIL NADU",Regular,8/24/2020 15:44,103
,"ASHOK LEYLAND PLANT 2-HOSUR,HOSUR,KARNATAKA","ASHOK LEYLAND ENNORE,CHENNAI,TAMIL NADU",Market,8/25/2020 13:49,560
,"ASHOK LEYLAND PLANT 2-HOSUR,HOSUR,KARNATAKA","ASHOK LEYLAND PLANT 2-HOSUR,HOSUR,KARNATAKA",Regular,8/25/2020 18:25,110
,"ASHOK LEYLAND ENNORE,CHENNAI,TAMIL NADU","ASHOK LEYLAND PLANT 2-HOSUR,HOSUR,KARNATAKA",Market,8/22/2020 18:51,310
,"ASHOK LEYLAND PLANT 2-HOSUR,HOSUR,KARNATAKA","ASHOK LEYLAND PLANT 2-HOSUR,HOSUR,KARNATAKA",Regular,8/25/2020 17:52,110
,"ASHOK LEYLAND PLANT 2-HOSUR,HOSUR,KARNATAKA","ASHOK LEYLAND PLANT 2-HOSUR,HOSUR,KARNATAKA",Regular,8/25/2020 14:51,110
,"DAIMLER INDIA COMMERCIAL VEHICLES,KANCHIPURAM,TAMIL NADU","DAIMLER INDIA COMMERCIAL VEHICLES,KANCHIPURAM,TAMIL NADU",Regular,8/24/2020 17:50,103
,"LUCAS TVS LTD-PONDY,PONDY,PONDICHERRY","LUCAS TVS LTD-PONDY,PONDY,PONDICHERRY",Regular,8/24/2020 18:27,300
,"DAIMLER INDIA COMMERCIAL VEHICLES,KANCHIPURAM,TAMIL NADU","DAIMLER INDIA COMMERCIAL VEHICLES,KANCHIPURAM,TAMIL NADU",Regular,8/24/2020 18:54,103
,"DAIMLER INDIA COMMERCIAL VEHICLES,KANCHIPURAM,TAMIL NADU","DAIMLER INDIA COMMERCIAL VEHICLES,KANCHIPURAM,TAMIL NADU",Regular,8/25/2020 5:30,21
,"ASHOK LEYLAND PLANT 2-HOSUR,HOSUR,KARNATAKA","ASHOK LEYLAND PLANT 2-HOSUR,HOSUR,KARNATAKA",Regular,8/25/2020 14:49,110
,"LUCAS TVS LTD-PONDY,PONDY,PONDICHERRY","LUCAS TVS LTD-PONDY,PONDY,PONDICHERRY",Regular,8/24/2020 3:41,300
,"ASHOK LEYLAND PLANT 2-HOSUR,HOSUR,KARNATAKA","ASHOK LEYLAND PLANT 2-HOSUR,HOSUR,KARNATAKA",Regular,8/25/2020 16:12,110
,"LUCAS TVS LTD-AMBATTUR,CHENNAI,TAMIL NADU","LUCAS TVS LTD-PONDY,PONDY,PONDICHERRY",Regular,8/24/2020 23:29,170
,"LUCAS TVS LTD-AMBATTUR,CHENNAI,TAMIL NADU","LUCAS TVS LTD-PONDY,PONDY,PONDICHERRY",Regular,8/24/2020 22:26,170
,"PRAVEEN ENGINEERING INDUSTRIES,HOSUR,TAMIL NADU","SRI DEVI POWDER COATING INDUSTRIES,CHENNAI,TAMIL NADU",Regular,8/21/2020 17:58,365
,"LUCAS TVS LTD-PONDY,PONDY,PONDICHERRY","LUCAS TVS LTD-PONDY,PONDY,PONDICHERRY",Regular,8/25/2020 13:11,300
,"Pozhal, Tiruvallur, Tamil Nadu","Mookandapalli, Krishnagiri, Tamil Nadu",Regular,8/22/2020 21:19,535
,"DAIMLER INDIA COMMERCIAL VEHICLES,KANCHIPURAM,TAMIL NADU","DAIMLER INDIA COMMERCIAL VEHICLES,KANCHIPURAM,TAMIL NADU",Regular,8/24/2020 18:25,20
,"ASHOK LEYLAND PLANT 2-HOSUR,HOSUR,KARNATAKA","ASHOK LEYLAND PLANT 2-HOSUR,HOSUR,KARNATAKA",Regular,8/25/2020 14:54,110
,"DAIMLER INDIA COMMERCIAL VEHICLES,KANCHIPURAM,TAMIL NADU","DAIMLER INDIA COMMERCIAL VEHICLES,KANCHIPURAM,TAMIL NADU",Regular,8/25/2020 0:56,29
,"ASHOK LEYLAND ENNORE,CHENNAI,TAMIL NADU","ASHOK LEYLAND PLANT 2-HOSUR,HOSUR,KARNATAKA",Market,8/24/2020 13:54,310
,"ASHOK LEYLAND PLANT 2-HOSUR,HOSUR,KARNATAKA","ASHOK LEYLAND ENNORE,CHENNAI,TAMIL NADU",Regular,8/24/2020 17:59,560
,"TRACTORS & FARM EQUIPMENT LIMITED,KANCHIPURAM,TAMIL NADU","TRACTORS & FARMS EQUIPMENTS LIMITED,KANCHIPURAM,TAMIL NADU",Regular,8/25/2020 12:59,20
,"TRACTORS & FARM EQUIPMENT LIMITED,KANCHIPURAM,TAMIL NADU","TRACTORS & FARMS EQUIPMENTS LIMITED,KANCHIPURAM,TAMIL NADU",Regular,8/24/2020 13:13,20
,"TRACTORS & FARM EQUIPMENT LIMITED,KANCHIPURAM,TAMIL NADU","TRACTORS & FARMS EQUIPMENTS LIMITED,KANCHIPURAM,TAMIL NADU",Regular,8/24/2020 13:14,20
,"DAIMLER INDIA COMMERCIAL VEHICLES,KANCHIPURAM,TAMIL NADU","DAIMLER INDIA COMMERCIAL VEHICLES,KANCHIPURAM,TAMIL NADU",Regular,8/24/2020 19:13,21
,"DAIMLER INDIA COMMERCIAL VEHICLES,KANCHIPURAM,TAMIL NADU","DAIMLER INDIA COMMERCIAL VEHICLES,KANCHIPURAM,TAMIL NADU",Regular,8/25/2020 6:06,585
,"LUCAS TVS LTD-PONDY,PONDY,PONDICHERRY","LUCAS TVS LTD-AMBATTUR,CHENNAI,TAMIL NADU",Regular,8/25/2020 3:30,175
,"LUCAS TVS LTD-PONDY,PONDY,PONDICHERRY","LUCAS TVS LTD-AMBATTUR,CHENNAI,TAMIL NADU",Regular,8/25/2020 3:56,175
,"DAIMLER INDIA COMMERCIAL VEHICLES,KANCHIPURAM,TAMIL NADU","DAIMLER INDIA COMMERCIAL VEHICLES,KANCHIPURAM,TAMIL NADU",Regular,8/25/2020 4:22,20
,"LUCAS TVS LTD-AMBATTUR,CHENNAI,TAMIL NADU","LUCAS TVS LTD-PONDY,PONDY,PONDICHERRY",Regular,8/24/2020 22:53,170
,"DAIMLER INDIA COMMERCIAL VEHICLES,KANCHIPURAM,TAMIL NADU","DAIMLER INDIA COMMERCIAL VEHICLES,KANCHIPURAM,TAMIL NADU",Regular,8/25/2020 0:58,20
,"DAIMLER INDIA COMMERCIAL VEHICLES,KANCHIPURAM,TAMIL NADU","DAIMLER INDIA COMMERCIAL VEHICLES,KANCHIPURAM,TAMIL NADU",Regular,8/24/2020 18:09,21
,"DAIMLER INDIA COMMERCIAL VEHICLES,KANCHIPURAM,TAMIL NADU","DAIMLER INDIA COMMERCIAL VEHICLES,KANCHIPURAM,TAMIL NADU",Regular,8/24/2020 6:03,15
,"DAIMLER INDIA COMMERCIAL VEHICLES,KANCHIPURAM,TAMIL NADU","DAIMLER INDIA COMMERCIAL VEHICLES,KANCHIPURAM,TAMIL NADU",Regular,8/24/2020 5:54,70
,"DAIMLER INDIA COMMERCIAL VEHICLES,KANCHIPURAM,TAMIL NADU","DAIMLER INDIA COMMERCIAL VEHICLES,KANCHIPURAM,TAMIL NADU",Regular,8/24/2020 23:54,3
,"DAIMLER INDIA COMMERCIAL VEHICLES,KANCHIPURAM,TAMIL NADU","DAIMLER INDIA COMMERCIAL VEHICLES,KANCHIPURAM,TAMIL NADU",Regular,8/24/2020 23:57,20
,"LUCAS TVS LTD-AMBATTUR,CHENNAI,TAMIL NADU","LUCAS TVS LTD-PONDY,PONDY,PONDICHERRY",Regular,8/24/2020 20:00,170
,"LUCAS TVS LTD-PONDY,PONDY,PONDICHERRY","LUCAS TVS LTD-PONDY,PONDY,PONDICHERRY",Regular,8/24/2020 1:12,300
,"DAIMLER INDIA COMMERCIAL VEHICLES,KANCHIPURAM,TAMIL NADU","DAIMLER INDIA COMMERCIAL VEHICLES,KANCHIPURAM,TAMIL NADU",Regular,8/24/2020 17:58,29
,"DAIMLER INDIA COMMERCIAL VEHICLES,KANCHIPURAM,TAMIL NADU","DAIMLER INDIA COMMERCIAL VEHICLES,KANCHIPURAM,TAMIL NADU",Regular,8/24/2020 22:15,20
,"DAIMLER INDIA COMMERCIAL VEHICLES,KANCHIPURAM,TAMIL NADU","DAIMLER INDIA COMMERCIAL VEHICLES,KANCHIPURAM,TAMIL NADU",Regular,8/23/2020 18:56,585
,"LUCAS TVS LTD-PONDY,PONDY,PONDICHERRY","LUCAS TVS LTD-PONDY,PONDY,PONDICHERRY",Regular,8/24/2020 18:26,300
,"DAIMLER INDIA COMMERCIAL VEHICLES,KANCHIPURAM,TAMIL NADU","DAIMLER INDIA COMMERCIAL VEHICLES,KANCHIPURAM,TAMIL NADU",Regular,8/23/2020 16:38,3
,"DAIMLER INDIA COMMERCIAL VEHICLES,KANCHIPURAM,TAMIL NADU","DAIMLER INDIA COMMERCIAL VEHICLES,KANCHIPURAM,TAMIL NADU",Regular,8/24/2020 22:10,20
,"LUCAS TVS LTD-PONDY,PONDY,PONDICHERRY","LUCAS TVS LTD-AMBATTUR,CHENNAI,TAMIL NADU",Regular,8/24/2020 17:22,175
,"Mookandapalli, Krishnagiri, Tamil Nadu","Athipattu, Tiruvallur, Tamil Nadu",Regular,8/24/2020 18:01,350
,"ASHOK LEYLAND PLANT 2-HOSUR,HOSUR,KARNATAKA","ASHOK LEYLAND PLANT 2-HOSUR,HOSUR,KARNATAKA",Regular,8/24/2020 21:02,110
,"ASHOK LEYLAND PLANT 2-HOSUR,HOSUR,KARNATAKA","ASHOK LEYLAND PLANT 2-HOSUR,HOSUR,KARNATAKA",Regular,8/24/2020 21:04,110
,"ASHOK LEYLAND ENNORE,CHENNAI,TAMIL NADU","ASHOK LEYLAND PLANT 1- HOSUR,HOSUR,KARNATAKA",Regular,8/24/2020 14:56,310
,"DAIMLER INDIA COMMERCIAL VEHICLES,KANCHIPURAM,TAMIL NADU","DAIMLER INDIA COMMERCIAL VEHICLES,KANCHIPURAM,TAMIL NADU",Regular,8/19/2020 2:05,21
,"DAIMLER INDIA COMMERCIAL VEHICLES,KANCHIPURAM,TAMIL NADU","DAIMLER INDIA COMMERCIAL VEHICLES,KANCHIPURAM,TAMIL NADU",Regular,8/24/2020 14:14,3
,"Mookandapalli, Krishnagiri, Tamil Nadu","Athipattu, Tiruvallur, Tamil Nadu",Regular,8/22/2020 23:45,350
,"ASHOK LEYLAND ENNORE,CHENNAI,TAMIL NADU","ASHOK LEYLAND PLANT 2-HOSUR,HOSUR,KARNATAKA",Market,8/24/2020 13:59,310
,"LUCAS TVS LTD-PONDY,PONDY,PONDICHERRY","LUCAS TVS LTD-AMBATTUR,CHENNAI,TAMIL NADU",Regular,8/24/2020 19:14,175
,"ASHOK LEYLAND PLANT 2-HOSUR,HOSUR,KARNATAKA","ASHOK LEYLAND PLANT 2-HOSUR,HOSUR,KARNATAKA",Regular,8/24/2020 19:35,110
,"ASHOK LEYLAND PLANT 2-HOSUR,HOSUR,KARNATAKA","ASHOK LEYLAND PLANT 2-HOSUR,HOSUR,KARNATAKA",Regular,8/24/2020 19:36,110
,"ASHOK LEYLAND PLANT 2-HOSUR,HOSUR,KARNATAKA","ASHOK LEYLAND PLANT 2-HOSUR,HOSUR,KARNATAKA",Regular,8/24/2020 19:29,110
,"ASHOK LEYLAND PLANT 2-HOSUR,HOSUR,KARNATAKA","TVSLSL-PUZHAL-HUB,CHENNAI,TAMIL NADU",Regular,8/23/2020 15:04,570
,"ASHOK LEYLAND PLANT 2-HOSUR,HOSUR,KARNATAKA","TVSLSL-PUZHAL-HUB,CHENNAI,TAMIL NADU",Regular,8/22/2020 21:14,570
,"ASHOK LEYLAND PLANT 2-HOSUR,HOSUR,KARNATAKA","ASHOK LEYLAND PLANT 2-HOSUR,HOSUR,KARNATAKA",Regular,8/24/2020 19:21,110
,"DAIMLER INDIA COMMERCIAL VEHICLES,KANCHIPURAM,TAMIL NADU","DAIMLER INDIA COMMERCIAL VEHICLES,KANCHIPURAM,TAMIL NADU",Regular,8/24/2020 12:44,21
,"ASHOK LEYLAND PLANT 2-HOSUR,HOSUR,KARNATAKA","TVSLSL-PUZHAL-HUB,CHENNAI,TAMIL NADU",Regular,8/23/2020 18:47,570
,"ASHOK LEYLAND PLANT 2-HOSUR,HOSUR,KARNATAKA","ASHOK LEYLAND PLANT 2-HOSUR,HOSUR,KARNATAKA",Regular,8/24/2020 18:36,110
,"ASHOK LEYLAND PLANT 2-HOSUR,HOSUR,KARNATAKA","ASHOK LEYLAND PLANT 2-HOSUR,HOSUR,KARNATAKA",Regular,8/24/2020 18:39,110
,"ASHOK LEYLAND PLANT 2-HOSUR,HOSUR,KARNATAKA","ASHOK LEYLAND PLANT 2-HOSUR,HOSUR,KARNATAKA",Regular,8/24/2020 18:42,110
,"DAIMLER INDIA COMMERCIAL VEHICLES,KANCHIPURAM,TAMIL NADU","DAIMLER INDIA COMMERCIAL VEHICLES,KANCHIPURAM,TAMIL NADU",Regular,8/24/2020 18:05,720
,"LUCAS TVS LTD-PONDY,PONDY,PONDICHERRY","LUCAS TVS LTD-PONDY,PONDY,PONDICHERRY",Regular,8/24/2020 10:29,300
,"LUCAS TVS LTD-AMBATTUR,CHENNAI,TAMIL NADU","LUCAS TVS LTD-PONDY,PONDY,PONDICHERRY",Regular,8/23/2020 23:00,170
,"DAIMLER INDIA COMMERCIAL VEHICLES,KANCHIPURAM,TAMIL NADU","DAIMLER INDIA COMMERCIAL VEHICLES,KANCHIPURAM,TAMIL NADU",Regular,8/23/2020 21:44,104
,"DAIMLER INDIA COMMERCIAL VEHICLES,KANCHIPURAM,TAMIL NADU","DAIMLER INDIA COMMERCIAL VEHICLES,KANCHIPURAM,TAMIL NADU",Regular,8/24/2020 5:47,21
,"ASHOK LEYLAND ENNORE,CHENNAI,TAMIL NADU","ASHOK LEYLAND PLANT 1- HOSUR,HOSUR,KARNATAKA",Regular,8/24/2020 14:14,310
,"DAIMLER INDIA COMMERCIAL VEHICLES,KANCHIPURAM,TAMIL NADU","DAIMLER INDIA COMMERCIAL VEHICLES,KANCHIPURAM,TAMIL NADU",Regular,8/24/2020 3:31,103
,"DAIMLER INDIA COMMERCIAL VEHICLES,KANCHIPURAM,TAMIL NADU","DAIMLER INDIA COMMERCIAL VEHICLES,KANCHIPURAM,TAMIL NADU",Regular,8/23/2020 17:33,21
,"DAIMLER INDIA COMMERCIAL VEHICLES,KANCHIPURAM,TAMIL NADU","DAIMLER INDIA COMMERCIAL VEHICLES,KANCHIPURAM,TAMIL NADU",Regular,8/23/2020 22:22,69
,"DAIMLER INDIA COMMERCIAL VEHICLES,KANCHIPURAM,TAMIL NADU","DAIMLER INDIA COMMERCIAL VEHICLES,KANCHIPURAM,TAMIL NADU",Regular,8/23/2020 18:33,20
,"DAIMLER INDIA COMMERCIAL VEHICLES,KANCHIPURAM,TAMIL NADU","DAIMLER INDIA COMMERCIAL VEHICLES,KANCHIPURAM,TAMIL NADU",Regular,8/23/2020 13:30,585
,"DAIMLER INDIA COMMERCIAL VEHICLES,KANCHIPURAM,TAMIL NADU","DAIMLER INDIA COMMERCIAL VEHICLES,KANCHIPURAM,TAMIL NADU",Regular,8/24/2020 12:39,3
,"ASHOK LEYLAND ENNORE,CHENNAI,TAMIL NADU","ASHOK LEYLAND PLANT 2-HOSUR,HOSUR,KARNATAKA",Regular,8/24/2020 14:21,310
,"ASHOK LEYLAND PLANT 2-HOSUR,HOSUR,KARNATAKA","ASHOK LEYLAND PLANT 2-HOSUR,HOSUR,KARNATAKA",Regular,8/24/2020 15:34,110
,"Naickenpalayam, Coimbatore, Tamil Nadu","Kamarajnagar, Tiruvallur, Tamil Nadu",Regular,8/22/2020 20:16,530
,"DAIMLER INDIA COMMERCIAL VEHICLES,KANCHIPURAM,TAMIL NADU","DAIMLER INDIA COMMERCIAL VEHICLES,KANCHIPURAM,TAMIL NADU",Regular,8/24/2020 2:40,29
,"DAIMLER INDIA COMMERCIAL VEHICLES,KANCHIPURAM,TAMIL NADU","DAIMLER INDIA COMMERCIAL VEHICLES,KANCHIPURAM,TAMIL NADU",Regular,8/22/2020 18:41,940
,"ASHOK LEYLAND PLANT 2-HOSUR,HOSUR,KARNATAKA","ASHOK LEYLAND PLANT 2-HOSUR,HOSUR,KARNATAKA",Regular,8/24/2020 15:38,110
,"ASHOK LEYLAND PLANT 2-HOSUR,HOSUR,KARNATAKA","ASHOK LEYLAND PLANT 2-HOSUR,HOSUR,KARNATAKA",Regular,8/24/2020 15:32,110
,"Naickenpalayam, Coimbatore, Tamil Nadu","Mookandapalli, Krishnagiri, Tamil Nadu",Regular,8/23/2020 19:25,400
,"ASHOK LEYLAND PLANT 2-HOSUR,HOSUR,KARNATAKA","ASHOK LEYLAND PLANT 2-HOSUR,HOSUR,KARNATAKA",Regular,8/24/2020 15:17,110
,"ASHOK LEYLAND PLANT 2-HOSUR,HOSUR,KARNATAKA","ASHOK LEYLAND PLANT 2-HOSUR,HOSUR,KARNATAKA",Regular,8/24/2020 15:19,110
,"DAIMLER INDIA COMMERCIAL VEHICLES,KANCHIPURAM,TAMIL NADU","DAIMLER INDIA COMMERCIAL VEHICLES,KANCHIPURAM,TAMIL NADU",Regular,8/23/2020 17:36,103
,"Naickenpalayam, Coimbatore, Tamil Nadu","Onnalvadi, Krishnagiri, Tamil Nadu",Regular,8/23/2020 19:25,400
,"DAIMLER INDIA COMMERCIAL VEHICLES,KANCHIPURAM,TAMIL NADU","DAIMLER INDIA COMMERCIAL VEHICLES,KANCHIPURAM,TAMIL NADU",Regular,8/24/2020 2:34,931
,"DAIMLER INDIA COMMERCIAL VEHICLES,KANCHIPURAM,TAMIL NADU","DAIMLER INDIA COMMERCIAL VEHICLES,KANCHIPURAM,TAMIL NADU",Regular,8/24/2020 14:41,20
,"Gopanapalli, Krishnagiri, Tamil Nadu","Kamarajnagar, Tiruvallur, Tamil Nadu",Regular,8/23/2020 21:40,365
,"DAIMLER INDIA COMMERCIAL VEHICLES,KANCHIPURAM,TAMIL NADU","DAIMLER INDIA COMMERCIAL VEHICLES,KANCHIPURAM,TAMIL NADU",Regular,8/24/2020 2:08,3
,"ASHOK LEYLAND ENNORE,CHENNAI,TAMIL NADU","ASHOK LEYLAND PLANT 2-HOSUR,HOSUR,KARNATAKA",Regular,8/21/2020 18:35,310
,"TVSLSL HUB MATHIGIRI,HOSUR,TAMIL NADU","TVSLSL HUB MATHIGIRI,HOSUR,TAMIL NADU",Regular,8/24/2020 13:27,890
,"ASHOK LEYLAND PLANT 2-HOSUR,HOSUR,KARNATAKA","TVSLSL-PUZHAL-HUB,CHENNAI,TAMIL NADU",Regular,8/23/2020 18:27,570
,"ASHOK LEYLAND PLANT 1- HOSUR,HOSUR,KARNATAKA","ASHOK LEYLAND ENNORE,CHENNAI,TAMIL NADU",Market,8/23/2020 18:53,365
,"ASHOK LEYLAND PLANT 2-HOSUR,HOSUR,KARNATAKA","ASHOK LEYLAND ENNORE,CHENNAI,TAMIL NADU",Market,8/23/2020 15:10,560
,"TRACTORS & FARM EQUIPMENT LIMITED,KANCHIPURAM,TAMIL NADU","TRACTORS & FARMS EQUIPMENTS LIMITED,KANCHIPURAM,TAMIL NADU",Regular,8/23/2020 13:14,20
,"TRACTORS & FARM EQUIPMENT LIMITED,KANCHIPURAM,TAMIL NADU","TRACTORS & FARMS EQUIPMENTS LIMITED,KANCHIPURAM,TAMIL NADU",Regular,8/23/2020 13:15,20
,"DAIMLER INDIA COMMERCIAL VEHICLES,KANCHIPURAM,TAMIL NADU","DAIMLER INDIA COMMERCIAL VEHICLES,KANCHIPURAM,TAMIL NADU",Regular,8/22/2020 5:09,20
,"DAIMLER INDIA COMMERCIAL VEHICLES,KANCHIPURAM,TAMIL NADU","DAIMLER INDIA COMMERCIAL VEHICLES,KANCHIPURAM,TAMIL NADU",Regular,8/23/2020 19:17,21
,"DAIMLER INDIA COMMERCIAL VEHICLES,KANCHIPURAM,TAMIL NADU","DAIMLER INDIA COMMERCIAL VEHICLES,KANCHIPURAM,TAMIL NADU",Regular,8/23/2020 22:38,3
,"DAIMLER INDIA COMMERCIAL VEHICLES,KANCHIPURAM,TAMIL NADU","DAIMLER INDIA COMMERCIAL VEHICLES,KANCHIPURAM,TAMIL NADU",Regular,8/24/2020 2:52,103
,"LUCAS TVS LTD-PONDY,PONDY,PONDICHERRY","LUCAS TVS LTD-AMBATTUR,CHENNAI,TAMIL NADU",Regular,8/24/2020 7:18,175
,"LUCAS TVS LTD-PONDY,PONDY,PONDICHERRY","LUCAS TVS LTD-AMBATTUR,CHENNAI,TAMIL NADU",Regular,8/24/2020 3:56,175
,"LUCAS TVS LTD-AMBATTUR,CHENNAI,TAMIL NADU","LUCAS TVS LTD-PONDY,PONDY,PONDICHERRY",Regular,8/24/2020 0:59,170
,"DAIMLER INDIA COMMERCIAL VEHICLES,KANCHIPURAM,TAMIL NADU","DAIMLER INDIA COMMERCIAL VEHICLES,KANCHIPURAM,TAMIL NADU",Regular,8/24/2020 3:20,20
,"DAIMLER INDIA COMMERCIAL VEHICLES,KANCHIPURAM,TAMIL NADU","DAIMLER INDIA COMMERCIAL VEHICLES,KANCHIPURAM,TAMIL NADU",Regular,8/23/2020 13:37,15
,"DAIMLER INDIA COMMERCIAL VEHICLES,KANCHIPURAM,TAMIL NADU","DAIMLER INDIA COMMERCIAL VEHICLES,KANCHIPURAM,TAMIL NADU",Regular,8/23/2020 17:54,21
,"DAIMLER INDIA COMMERCIAL VEHICLES,KANCHIPURAM,TAMIL NADU","DAIMLER INDIA COMMERCIAL VEHICLES,KANCHIPURAM,TAMIL NADU",Regular,8/23/2020 1:50,70
,"DAIMLER INDIA COMMERCIAL VEHICLES,KANCHIPURAM,TAMIL NADU","DAIMLER INDIA COMMERCIAL VEHICLES,KANCHIPURAM,TAMIL NADU",Regular,8/24/2020 0:08,20
,"DAIMLER INDIA COMMERCIAL VEHICLES,KANCHIPURAM,TAMIL NADU","DAIMLER INDIA COMMERCIAL VEHICLES,KANCHIPURAM,TAMIL NADU",Regular,8/23/2020 0:31,103
,"DAIMLER INDIA COMMERCIAL VEHICLES,KANCHIPURAM,TAMIL NADU","DAIMLER INDIA COMMERCIAL VEHICLES,KANCHIPURAM,TAMIL NADU",Regular,8/23/2020 18:34,29
,"DAIMLER INDIA COMMERCIAL VEHICLES,KANCHIPURAM,TAMIL NADU","DAIMLER INDIA COMMERCIAL VEHICLES,KANCHIPURAM,TAMIL NADU",Regular,8/18/2020 22:23,931
,"DAIMLER INDIA COMMERCIAL VEHICLES,KANCHIPURAM,TAMIL NADU","DAIMLER INDIA COMMERCIAL VEHICLES,KANCHIPURAM,TAMIL NADU",Regular,8/22/2020 3:43,585
,"DAIMLER INDIA COMMERCIAL VEHICLES,KANCHIPURAM,TAMIL NADU","DAIMLER INDIA COMMERCIAL VEHICLES,KANCHIPURAM,TAMIL NADU",Regular,8/23/2020 15:08,3
,"LUCAS TVS LTD-PONDY,PONDY,PONDICHERRY","LUCAS TVS LTD-PONDY,PONDY,PONDICHERRY",Regular,8/22/2020 2:40,300
,"DAIMLER INDIA COMMERCIAL VEHICLES,KANCHIPURAM,TAMIL NADU","DAIMLER INDIA COMMERCIAL VEHICLES,KANCHIPURAM,TAMIL NADU",Regular,8/22/2020 17:37,69
,"DAIMLER INDIA COMMERCIAL VEHICLES,KANCHIPURAM,TAMIL NADU","DAIMLER INDIA COMMERCIAL VEHICLES,KANCHIPURAM,TAMIL NADU",Regular,8/23/2020 2:14,3
,"DAIMLER INDIA COMMERCIAL VEHICLES,KANCHIPURAM,TAMIL NADU","DAIMLER INDIA COMMERCIAL VEHICLES,KANCHIPURAM,TAMIL NADU",Regular,8/23/2020 19:42,20
,"LUCAS TVS LTD-PONDY,PONDY,PONDICHERRY","LUCAS TVS LTD-AMBATTUR,CHENNAI,TAMIL NADU",Regular,8/23/2020 22:34,175
,"LUCAS TVS LTD-PONDY,PONDY,PONDICHERRY","LUCAS TVS LTD-AMBATTUR,CHENNAI,TAMIL NADU",Regular,8/23/2020 20:24,175
,"DAIMLER INDIA COMMERCIAL VEHICLES,KANCHIPURAM,TAMIL NADU","DAIMLER INDIA COMMERCIAL VEHICLES,KANCHIPURAM,TAMIL NADU",Regular,8/22/2020 21:46,103
,"ASHOK LEYLAND PLANT 2-HOSUR,HOSUR,KARNATAKA","ASHOK LEYLAND PLANT 2-HOSUR,HOSUR,KARNATAKA",Regular,8/23/2020 21:12,110
,"LUCAS TVS LTD-PONDY,PONDY,PONDICHERRY","LUCAS TVS LTD-PONDY,PONDY,PONDICHERRY",Regular,8/21/2020 23:56,240
,"DAIMLER INDIA COMMERCIAL VEHICLES,KANCHIPURAM,TAMIL NADU","DAIMLER INDIA COMMERCIAL VEHICLES,KANCHIPURAM,TAMIL NADU",Regular,8/22/2020 20:17,585
,"DAIMLER INDIA COMMERCIAL VEHICLES,KANCHIPURAM,TAMIL NADU","DAIMLER INDIA COMMERCIAL VEHICLES,KANCHIPURAM,TAMIL NADU",Regular,8/21/2020 21:48,660
,"DAIMLER INDIA COMMERCIAL VEHICLES,KANCHIPURAM,TAMIL NADU","DAIMLER INDIA COMMERCIAL VEHICLES,KANCHIPURAM,TAMIL NADU",Regular,8/23/2020 14:11,3
,"DAIMLER INDIA COMMERCIAL VEHICLES,KANCHIPURAM,TAMIL NADU","DAIMLER INDIA COMMERCIAL VEHICLES,KANCHIPURAM,TAMIL NADU",Regular,8/22/2020 19:12,104
,"ASHOK LEYLAND PLANT 2-HOSUR,HOSUR,KARNATAKA","ASHOK LEYLAND PLANT 2-HOSUR,HOSUR,KARNATAKA",Regular,8/23/2020 21:05,110
,"DAIMLER INDIA COMMERCIAL VEHICLES,KANCHIPURAM,TAMIL NADU","DAIMLER INDIA COMMERCIAL VEHICLES,KANCHIPURAM,TAMIL NADU",Regular,8/21/2020 15:28,103
,"TVSLSL-PUZHAL-HUB,CHENNAI,TAMIL NADU","TVSLSL-PUZHAL-HUB,CHENNAI,TAMIL NADU",Regular,8/23/2020 20:37,265
,"DAIMLER INDIA COMMERCIAL VEHICLES,KANCHIPURAM,TAMIL NADU","DAIMLER INDIA COMMERCIAL VEHICLES,KANCHIPURAM,TAMIL NADU",Regular,8/22/2020 21:36,103
,"LUCAS TVS LTD-AMBATTUR,CHENNAI,TAMIL NADU","LUCAS TVS LTD-PONDY,PONDY,PONDICHERRY",Regular,8/23/2020 19:53,170
,"LUCAS TVS LTD-PONDY,PONDY,PONDICHERRY","LUCAS TVS LTD-AMBATTUR,CHENNAI,TAMIL NADU",Regular,8/23/2020 17:58,175
,"ASHOK LEYLAND PLANT 2-HOSUR,HOSUR,KARNATAKA","ASHOK LEYLAND PLANT 2-HOSUR,HOSUR,KARNATAKA",Regular,8/23/2020 19:44,110
,"ASHOK LEYLAND PLANT 2-HOSUR,HOSUR,KARNATAKA","ASHOK LEYLAND PLANT 2-HOSUR,HOSUR,KARNATAKA",Regular,8/23/2020 19:15,110
,"ASHOK LEYLAND PLANT 2-HOSUR,HOSUR,KARNATAKA","ASHOK LEYLAND PLANT 2-HOSUR,HOSUR,KARNATAKA",Regular,8/23/2020 19:22,110
,"ASHOK LEYLAND PLANT 2-HOSUR,HOSUR,KARNATAKA","ASHOK LEYLAND PLANT 2-HOSUR,HOSUR,KARNATAKA",Regular,8/23/2020 19:26,110
,"DAIMLER INDIA COMMERCIAL VEHICLES,KANCHIPURAM,TAMIL NADU","DAIMLER INDIA COMMERCIAL VEHICLES,KANCHIPURAM,TAMIL NADU",Regular,8/23/2020 15:44,20
,"DAIMLER INDIA COMMERCIAL VEHICLES,KANCHIPURAM,TAMIL NADU","DAIMLER INDIA COMMERCIAL VEHICLES,KANCHIPURAM,TAMIL NADU",Regular,8/23/2020 12:08,21
,"DAIMLER INDIA COMMERCIAL VEHICLES,KANCHIPURAM,TAMIL NADU","DAIMLER INDIA COMMERCIAL VEHICLES,KANCHIPURAM,TAMIL NADU",Regular,8/23/2020 2:45,21
,"ASHOK LEYLAND PLANT 2-HOSUR,HOSUR,KARNATAKA","ASHOK LEYLAND PLANT 2-HOSUR,HOSUR,KARNATAKA",Regular,8/23/2020 17:28,110
,"ASHOK LEYLAND PLANT 2-HOSUR,HOSUR,KARNATAKA","ASHOK LEYLAND PLANT 2-HOSUR,HOSUR,KARNATAKA",Regular,8/23/2020 17:32,110
,"ASHOK LEYLAND PLANT 2-HOSUR,HOSUR,KARNATAKA","ASHOK LEYLAND PLANT 2-HOSUR,HOSUR,KARNATAKA",Regular,8/23/2020 17:46,110
,"DAIMLER INDIA COMMERCIAL VEHICLES,KANCHIPURAM,TAMIL NADU","DAIMLER INDIA COMMERCIAL VEHICLES,KANCHIPURAM,TAMIL NADU",Regular,8/23/2020 15:20,21
,"ASHOK LEYLAND PLANT 2-HOSUR,HOSUR,KARNATAKA","ASHOK LEYLAND PLANT 2-HOSUR,HOSUR,KARNATAKA",Regular,8/23/2020 17:30,110
,"DAIMLER INDIA COMMERCIAL VEHICLES,KANCHIPURAM,TAMIL NADU","DAIMLER INDIA COMMERCIAL VEHICLES,KANCHIPURAM,TAMIL NADU",Regular,8/22/2020 21:27,20
,"LUCAS TVS LTD-AMBATTUR,CHENNAI,TAMIL NADU","LUCAS TVS LTD-PONDY,PONDY,PONDICHERRY",Regular,8/22/2020 0:25,170
,"LUCAS TVS LTD-AMBATTUR,CHENNAI,TAMIL NADU","LUCAS TVS LTD-PONDY,PONDY,PONDICHERRY",Regular,8/22/2020 22:18,170
,"LUCAS TVS LTD-AMBATTUR,CHENNAI,TAMIL NADU","LUCAS TVS LTD-PONDY,PONDY,PONDICHERRY",Regular,8/22/2020 23:16,170
,"DAIMLER INDIA COMMERCIAL VEHICLES,KANCHIPURAM,TAMIL NADU","DAIMLER INDIA COMMERCIAL VEHICLES,KANCHIPURAM,TAMIL NADU",Regular,8/23/2020 14:19,20
,"DAIMLER INDIA COMMERCIAL VEHICLES,KANCHIPURAM,TAMIL NADU","DAIMLER INDIA COMMERCIAL VEHICLES,KANCHIPURAM,TAMIL NADU",Regular,8/23/2020 16:13,29
,"DAIMLER INDIA COMMERCIAL VEHICLES,KANCHIPURAM,TAMIL NADU","DAIMLER INDIA COMMERCIAL VEHICLES,KANCHIPURAM,TAMIL NADU",Regular,8/23/2020 15:34,20
,"DAIMLER INDIA COMMERCIAL VEHICLES,KANCHIPURAM,TAMIL NADU","DAIMLER INDIA COMMERCIAL VEHICLES,KANCHIPURAM,TAMIL NADU",Regular,8/22/2020 19:21,103
,"Vellaripatti, Madurai, Tamil Nadu","Devalapura, Mysore, Karnataka",Regular,8/8/2020 21:16,525
,"DAIMLER INDIA COMMERCIAL VEHICLES,KANCHIPURAM,TAMIL NADU","DAIMLER INDIA COMMERCIAL VEHICLES,KANCHIPURAM,TAMIL NADU",Regular,8/22/2020 13:32,69
,"ASHOK LEYLAND ENNORE,CHENNAI,TAMIL NADU","ASHOK LEYLAND PARTS-HOSUR,HOSUR,TAMIL NADU",Market,8/17/2020 14:26,350
,"DAIMLER INDIA COMMERCIAL VEHICLES,KANCHIPURAM,TAMIL NADU","DAIMLER INDIA COMMERCIAL VEHICLES,KANCHIPURAM,TAMIL NADU",Regular,8/22/2020 18:00,21
,"ASHOK LEYLAND PLANT 2-HOSUR,HOSUR,KARNATAKA","TVSLSL-PUZHAL-HUB,CHENNAI,TAMIL NADU",Regular,8/18/2020 18:02,570
,"ASHOK LEYLAND PLANT 2-HOSUR,HOSUR,KARNATAKA","TVSLSL-PUZHAL-HUB,CHENNAI,TAMIL NADU",Regular,8/18/2020 21:25,570
,"DAIMLER INDIA COMMERCIAL VEHICLES,KANCHIPURAM,TAMIL NADU","DAIMLER INDIA COMMERCIAL VEHICLES,KANCHIPURAM,TAMIL NADU",Regular,8/22/2020 21:59,3
,"ASHOK LEYLAND PLANT 2-HOSUR,HOSUR,KARNATAKA","ASHOK LEYLAND PLANT 2-HOSUR,HOSUR,KARNATAKA",Regular,8/23/2020 13:46,110
,"ASHOK LEYLAND PLANT 2-HOSUR,HOSUR,KARNATAKA","ASHOK LEYLAND PLANT 2-HOSUR,HOSUR,KARNATAKA",Regular,8/23/2020 13:55,110
,"DAIMLER INDIA COMMERCIAL VEHICLES,KANCHIPURAM,TAMIL NADU","DAIMLER INDIA COMMERCIAL VEHICLES,KANCHIPURAM,TAMIL NADU",Regular,8/22/2020 21:21,3
,"ASHOK LEYLAND PLANT 2-HOSUR,HOSUR,KARNATAKA","ASHOK LEYLAND PLANT 2-HOSUR,HOSUR,KARNATAKA",Regular,8/23/2020 13:43,110
,"DAIMLER INDIA COMMERCIAL VEHICLES,KANCHIPURAM,TAMIL NADU","DAIMLER INDIA COMMERCIAL VEHICLES,KANCHIPURAM,TAMIL NADU",Regular,8/23/2020 2:12,15
,"Vellaripatti, Madurai, Tamil Nadu","Devalapura, Mysore, Karnataka",Regular,8/17/2020 16:30,525
,"DAIMLER INDIA COMMERCIAL VEHICLES,KANCHIPURAM,TAMIL NADU","DAIMLER INDIA COMMERCIAL VEHICLES,KANCHIPURAM,TAMIL NADU",Regular,8/21/2020 18:56,585
,"TRACTORS & FARM EQUIPMENT LIMITED,KANCHIPURAM,TAMIL NADU","TRACTORS & FARMS EQUIPMENTS LIMITED,KANCHIPURAM,TAMIL NADU",Regular,8/22/2020 13:11,20
,"TRACTORS & FARM EQUIPMENT LIMITED,KANCHIPURAM,TAMIL NADU","TRACTORS & FARMS EQUIPMENTS LIMITED,KANCHIPURAM,TAMIL NADU",Regular,8/22/2020 13:12,20
,"DAIMLER INDIA COMMERCIAL VEHICLES,KANCHIPURAM,TAMIL NADU","DAIMLER INDIA COMMERCIAL VEHICLES,KANCHIPURAM,TAMIL NADU",Regular,8/22/2020 18:18,21
,"Vellaripatti, Madurai, Tamil Nadu","Devalapura, Mysore, Karnataka",Regular,8/22/2020 0:42,525
,"DAIMLER INDIA COMMERCIAL VEHICLES,KANCHIPURAM,TAMIL NADU","DAIMLER INDIA COMMERCIAL VEHICLES,KANCHIPURAM,TAMIL NADU",Regular,8/23/2020 0:49,20
,"PRAVEEN ENGINEERING INDUSTRIES,HOSUR,TAMIL NADU","SRI DEVI POWDER COATING INDUSTRIES,CHENNAI,TAMIL NADU",Market,8/17/2020 19:58,365
,"PRAVEEN ENGINEERING INDUSTRIES,HOSUR,TAMIL NADU","SRI DEVI POWDER COATING INDUSTRIES,CHENNAI,TAMIL NADU",Market,8/17/2020 19:58,365
,"PRAVEEN ENGINEERING INDUSTRIES,HOSUR,TAMIL NADU","SRI DEVI POWDER COATING INDUSTRIES,CHENNAI,TAMIL NADU",Market,8/17/2020 19:58,365
,"PRAVEEN ENGINEERING INDUSTRIES,HOSUR,TAMIL NADU","SRI DEVI POWDER COATING INDUSTRIES,CHENNAI,TAMIL NADU",Market,8/17/2020 19:58,365
,"TVSLSL-PUZHAL-HUB,CHENNAI,TAMIL NADU","ASHOK LEYLAND PLANT 1- HOSUR,HOSUR,KARNATAKA",Market,8/17/2020 20:03,320
,"LUCAS TVS LTD-AMBATTUR,CHENNAI,TAMIL NADU","LUCAS TVS LTD-PONDY,PONDY,PONDICHERRY",Market,8/17/2020 22:19,170
,"LUCAS TVS LTD-PONDY,PONDY,PONDICHERRY","LUCAS TVS LTD-PONDY,PONDY,PONDICHERRY",Regular,8/22/2020 5:09,300
,"DAIMLER INDIA COMMERCIAL VEHICLES,KANCHIPURAM,TAMIL NADU","DAIMLER INDIA COMMERCIAL VEHICLES,KANCHIPURAM,TAMIL NADU",Regular,8/22/2020 17:45,70
,"TURBO ENERGY LTD-PULIVALAM,VELLORE,TAMIL NADU","TURBO ENERGY LTD-PULIVALAM,VELLORE,TAMIL NADU",Regular,8/23/2020 0:58,300
,"DAIMLER INDIA COMMERCIAL VEHICLES,KANCHIPURAM,TAMIL NADU","DAIMLER INDIA COMMERCIAL VEHICLES,KANCHIPURAM,TAMIL NADU",Regular,8/22/2020 21:50,20
,"DAIMLER INDIA COMMERCIAL VEHICLES,KANCHIPURAM,TAMIL NADU","DAIMLER INDIA COMMERCIAL VEHICLES,KANCHIPURAM,TAMIL NADU",Regular,8/21/2020 23:27,103
,"LUCAS TVS LTD-AMBATTUR,CHENNAI,TAMIL NADU","LUCAS TVS LTD-PONDY,PONDY,PONDICHERRY",Regular,8/22/2020 0:18,170
,"WABCO INDIA LTD-AMBATTUR,CHENNAI,TAMIL NADU","WABCO INDIA LTD,HOSUR,TAMIL NADU",Regular,8/22/2020 21:23,325
,"Vellaripatti, Madurai, Tamil Nadu","Devalapura, Mysore, Karnataka",Regular,8/15/2020 13:18,525
,"Vellaripatti, Madurai, Tamil Nadu","Devalapura, Mysore, Karnataka",Regular,8/12/2020 20:07,525
,"DAIMLER INDIA COMMERCIAL VEHICLES,KANCHIPURAM,TAMIL NADU","DAIMLER INDIA COMMERCIAL VEHICLES,KANCHIPURAM,TAMIL NADU",Regular,8/22/2020 14:48,3
,"TVS MOTOR COMPANY-HOSUR,Hosur,TAMIL NADU","TVSLSL-PUZHAL-HUB,CHENNAI,TAMIL NADU",Market,8/22/2020 19:13,325
,"Vellaripatti, Madurai, Tamil Nadu","Devalapura, Mysore, Karnataka",Regular,8/15/2020 18:44,525
